name,price,Storage,brand,RAM
Samsung A06 - 6.7 Inch 128GB/6GB Dual SIM 4G Mobile Phone - Black,4799,128,Samsung,6GB
"Honor X7c - 6.7"" 256GB/8GB Dual SIM 4G Mobile Phone - Midnight Black",4799,256,Honor,8GB
Samsung A06 - 6.7 Inch 64GB/4GB Dual SIM 4G Mobile Phone - Light Blue,8499,64,Samsung,4GB
"Samsung Galaxy A16 - 6.7"" 256GB/8GB Dual SIM 4G Mobile Phone - Black",9249,256,Samsung,8GB
"Samsung Galaxy A16 - 6.7"" 128GB/6GB Dual SIM 4G Mobile Phone - Black",5666,128,Samsung,6GB
"Samsung Galaxy A16 - 6.7"" 128GB/6GB Dual SIM 4G Mobile Phone - Grey",8499,128,Samsung,6GB
Infinix Smart 9 - 6.7 Inch 128GB/4GB+4GB Dual SIM 4G Mobile Phone - Mint Green,4599,128,Infinix,4GB
Infinix Smart 9 - 6.7 Inch 64GB/3GB+3GB Dual SIM 4G Mobile Phone - Mint Green,9249,64,Infinix,3GB
"Samsung Galaxy A05s Dual SIM, 128 GB, 6 GB RAM, 4G LTE - Black",7966,128,Samsung,6
"XIAOMI Redmi Note 14 Dual SIM, 256GB, 8GB RAM, 4G LTE - Midnight Black",7966,256,XIAOMI,8GB
Samsung Galaxy A16 Dual SIM 4G 128GB/6GB Mobile Phone  - Black,4299,128,Samsung,6GB
Infinix Hot 50 Dual SIM 4G 256GB/8GB Mobile Phone - Titanium Grey,3666,256,Infinix,8GB
Infinix Hot 50 Dual SIM 4G 256GB/8GB - Titanium Grey,5795,256,Infinix,8GB
Nokia Noika Nokia106 Dual SIM Black 4MB 4G,9885,,Nokia,4
Samsung Galaxy A05s Mobile Phone - 6.7 Inches - Dual SIM - 4G - 128GB - 6GB - Black + Free Samsung Charger 25W - Black,7966,128,Samsung,6GB
"OPPO A5 Pro Dual SIM, 256GB, 8GB RAM, 4G LTE - Olive Green",6777,256,OPPO,8GB
realme C75x - 6.72 Inch-6GB-128GB RAM Dual SIM 4G Mobile Phone - Coral pink,7275,128,realme,6GB
"realme C75X Dual SIM, 256GB, 8GB RAM, 4G LTE - Oceanic Blue",5950,256,realme,8GB
Samsung Galaxy A06 Dual SIM 4G 64GB/4GB - Black,11770,64,Samsung,4GB
"Samsung Galaxy A16 - 6.7"" 256GB/8GB Dual SIM 4G Mobile Phone - Black",7690,256,Samsung,8GB
"Samsung Galaxy A05s, LTE, Android Smartphone, Dual SIM Mobile Phone, 6GB RAM, 128GB Storage, Black, 1 Year Warranty/Local Version",8099,128,Samsung,6GB
Infinix Hot 50 - 8GB RAM - 256GB - Grey,9130,256,Infinix,8GB
"Girasole G30-2.4-inch Dual SIM Mobile Phone - Black, Earphone Free, 12 Months Warranty",4631,,Girasole,
"Samsung Galaxy A04s Dual SIM, 32GB, 3GB RAM, 4G LTE - Black",9249,32,Samsung,3
OPPO Reno 13f Dual SIM 4G 256GB/8GB - Graphire Gray,5800,256,OPPO,8GB
"Girasole G30-2.4-inch Dual SIM Mobile Phone - gold, Earphone Free, 12 Months Warranty",7199,,Girasole,
"Infinix Smart 9 (RAM: 4+4 6GB, ROM: 128GB), 6.7"" HD+ Display, 13MP Dual AI Rear Camera With Flashlight, 8MP Front Camera, 5000 MAh Battery, Type-C, Android 14 - Metallic Black",4740,128,Infinix,6GB
"Infinix Hot 50i (RAM: 6+6GB, ROM: 128GB ),6.7 Inch, 120Hz IPS LCD Display, Processor: Mediatek Helio G81, 5000 MAhBattery, Android 14, Sleek Black",14526,128,Infinix,6GB
XIAOMI Redmi 14C - 6.88-inch 6GB/128GB Dual Sim 4G Mobile Phone - Starry Blue,5699,128,XIAOMI,6GB
"Infinix Smart 9 (RAM: 4+4 6GB, ROM: 128GB), 6.7"" HD+ Display, 13MP Dual AI Rear Camera With Flashlight, 8MP Front Camera, 5000 MAh Battery, Type-C, Android 14 - Mint Green",4350,128,Infinix,6GB
"Samsung A06 Dual SIM, 64GB, 4GB RAM, 4G LTE - Black",5025,64,Samsung,4GB
OPPO A3x Dual SIM 4G 64GB/4GB Mobile Phone - Nebula Red,6320,64,OPPO,4GB
Hmd Pulse Pro Dual SIM 4G 256GB/8GB Mobile Phone - Twilight Purple,6040,256,Hmd,8GB
"Infinix Smart 9 (RAM: 3+3 6GB, ROM: 64GB), 6.7"" HD+ Display, 13MP Dual AI Rear Camera With Flashlight, 8MP Front Camera, 5000 MAh Battery, Type-C, Android 14 - Metallic Black",4330,64,Infinix,6GB
Honor X5b Plus - 6.56-inch 4GB/128GB Dual Sim 4G Mobile Phone - Ocean Blue,4588,128,Honor,4GB
Samsung MOBILE GALAXY A16 6GB RAM 128GB ROM - 4G - GREY,5570,128,Samsung,6GB
"XIAOMI Redmi 14C - 6.8"" 256GB/8GB Dual SIM 4G Mobile Phone - Starry Blue",6200,256,XIAOMI,8GB
Honor X8c - Dual SIM 4G Smartphone - 256GB Storage / 8GB RAM - Marrs Green + FREE X7 Lite Earbuds,12299,256,Honor,8GB
Samsung Galaxy A16 - 6.7-inch 4GB/128GB Dual Sim 4G - Mobile Phone - Light Green,7180,128,Samsung,4GB
"Honor X6c Dual SIM 4G Smartphone – 128GB Storage, 6GB RAM – Moonlight White",5666,128,Honor,6GB
"OPPO A5 4G,  8G Ram 256 Capacity , Dual SIM , Mist White",9800,256,OPPO,8
"XIAOMI Redmi 14C - 6.8"" 256GB/8GB Dual SIM 4G Mobile Phone - Starry Blue",7020,256,XIAOMI,8GB
"Tecno Phantom 6 - 5.5"" - 4G Dual SIM Mobile Phone - Champagne Gold - Champagne Gold",5000,,Tecno,
"Samsung Galaxy A05s, LTE, Android Smartphone, Dual SIM Mobile Phone, 6GB RAM, 128GB Storage, SILVER, 1 Year Warranty/Local Version",5900,128,Samsung,6GB
XIAOMI Redmi A3x Dual SIM 4G 128GB/4GB Mobile Phone - Olive Green,4740,128,XIAOMI,4GB
"Samsung Galaxy A16 - 6.7"" 128GB/6GB Dual SIM 4G Mobile Phone",7699,128,Samsung,6GB
"Honor X5b - 6.5"" 128 GB/4GB Dual SIM 4G Mobile Phone - Midnight Black",4509,128,Honor,4GB
"Infinix Smart 9 (RAM: 3+3 6GB, ROM: 64GB), 6.7"" HD+ Display, 13MP Dual AI Rear Camera With Flashlight, 8MP Front Camera, 5000 MAh Battery, Type-C, Android 14 - Sandstone Gold",3725,64,Infinix,6GB
OPPO A3 Dual SIM 4G 256GB/8GB Mobile Phone - Starry Purple,9630,256,OPPO,8GB
"Honor X6c Dual SIM 4G Smartphone – 128GB Storage, 6GB RAM – Ocean Cyan",5799,128,Honor,6GB
Samsung Galaxy A15 - 6.5 Inches – 8GB/256GB ROM – 4G – Dual SIM Mobile Phone –Blue Black,8649,256,Samsung,8GB
"Infinix Hot 50i , 4G 256GB 8+8GB RAM -Sleek Black",6070,256,Infinix,8GB
Honor X8b - 6.7-inch 8GB/512GB Dual Sim 4G Mobile Phone - Titanium Silver,11160,512,Honor,8GB
XIAOMI Poco C75 Dual SIM 4G 256GB/8GB Mobile Phone - Black 6.7 Inch,6237,256,XIAOMI,8GB
"Infinix Smart 9 (RAM: 4+4 6GB, ROM: 128GB), 6.7"" HD+ Display, 13MP Dual AI Rear Camera With Flashlight, 8MP Front Camera, 5000 MAh Battery, Type-C, Android 14 - Neo Titanium",4350,128,Infinix,6GB
"OPPO A3x - 6.6"" 128GB/4GB Dual SIM 4G Mobile Phone - Nebula Red",6577.5,128,OPPO,4GB
OPPO A3 - Dual SIM 4G 128GB/6GB Mobile Phone - Sparkle Black,8110,128,OPPO,6GB
OPPO A3x - Dual SIM 4G 128GB/4GB Mobile Phone - Ocean Blue,6623,128,OPPO,4GB
XIAOMI Redmi 13 Dual SIM 4G 256GB/8GB Mobile Phone - Midnight Black 6.5 Inch,7236,256,XIAOMI,8GB
XIAOMI Redmi 13 - 6.79-inch 128GB/6GB Dual SIM Mobile Phone - Midnight Black,6490,128,XIAOMI,6GB
XIAOMI Redmi Note 14 - Dual SIM 4G 256GB/8GB Mobile Phone - Ocean Blue,10150,256,XIAOMI,8GB
"realme C63 Dual SIM, 256 GB, 8 GB RAM, 4G LTE - Jade Green",7243,256,realme,8
"Infinix Hot 50i (RAM: 6+6GB, ROM: 128GB ),6.7 Inch, 120Hz IPS LCD Display, Processor: Mediatek Helio G81, 5000 MAhBattery, Android 14, Saga Green",5025,128,Infinix,6GB
"Samsung Galaxy A06 Dual SIM, 64GB, 4GB RAM, 4G LTE - Gold",4740,64,Samsung,4GB
"Infinix HOT 50 ( RAM: 8+8GB, ROM: 256GB ), 6.78 Inch FHD+ Display, 50MP / Front: 8MP Camera,MediaTek Helio G100 Processor, 5000 MAh Battery, Android 14, Sleek Black",6850,256,Infinix,8GB
Samsung Galaxy A16 - 6.7-inch 8GB/256GB Dual Sim 4G - Mobile Phone - Black,9700,256,Samsung,8GB
Samsung Galaxy A06 - 6.7-inch 4GB/64GB Dual Sim 4G - Mobile Phone - Black,4740,64,Samsung,4GB
"OPPO A3 Dual SIM, 256GB, 8GB RAM, 4G LTE - Starry Purple",9519,256,OPPO,8GB
XIAOMI Poco C75 - 6.88-inch 6GB128GB Dual Sim 4G Mobile Phone - Gold,5640,128,XIAOMI,6GB
XIAOMI Redmi Note 14 Mobile Phone - 6.7 Inches - Dual SIM 4G 128GB/6GB -Midnight Black,8424,128,XIAOMI,6GB
"Honor X9c Smart 12GB/256GB - 6.8""  Dual SIM 5G Mobile Phone -Ocean Cyan",13824,256,Honor,12GB
Samsung A06 - 6.7 Inch 64GB/4GB Dual SIM 4G Mobile Phone - Black,4599,64,Samsung,4GB
"XIAOMI Redmi 14C Dual SIM, 128GB, 4GB RAM, 4G LTE - Midnight Black",5500,128,XIAOMI,4GB
"Infinix Smart 8 Dual SIM, 64GB, 2GB RAM, 4G LTE - Black",3610,64,Infinix,2GB
Samsung A06 - 6.7 Inch 128GB/6GB Dual SIM 4G Mobile Phone - Light Blue,5666,128,Samsung,6GB
"Samsung A56 Galaxy Dual SIM, 256GB, 8GB RAM, 5G - Light Gray",23544,256,Samsung,8GB
Honor X5b - 6.56-inch 4GB/64GB Dual Sim 4G Mobile Phone - Ocean Blue,4000,64,Honor,4GB
OPPO A5 Pro - 8GB RAM - 256GB - Green,11772,256,OPPO,8GB
"Samsung A06 Dual SIM, 128GB, 6GB RAM, 4G LTE - Black",5699,128,Samsung,6GB
Samsung Galaxy A16 - 6.7-inch 8GB/256GB Dual Sim 4G - Mobile Phone - Gray,9700,256,Samsung,8GB
"Infinix Smart 9 (RAM: 4+4 6GB, ROM: 128GB), 6.7"" HD+ Display, 13MP Dual AI Rear Camera With Flashlight, 8MP Front Camera, 5000 MAh Battery, Type-C, Android 14 - Sandstone Gold",4350,128,Infinix,6GB
realme Note 60x - 6.74 Inch 128GB-4GB Dual SIM 4G Mobile Phone - Marble Black,5379,128,realme,4GB
"XIAOMI Redmi A5 Dual SIM, 128GB, 4GB RAM, 4G LTE - Ocean Blue",4990,128,XIAOMI,4GB
realme Note 60X Dual-SIM 4G 128GB/4GB Mobile Phone 6.78 Inches - Marble Black,5380,128,realme,4GB
"Motorola MOBILE Moto G35 Dual Sim 256GB , 8+16GB RAM  , 5G , BLACK",7486,256,Motorola,16GB
Infinix MOBILE Hot 50 Dual SIM  8+8GB RAM 256GB 4G - Titanium Grey,6898,256,Infinix,8GB
Infinix Smart 9 Dual SIM Neo Titanium 4+4GB RAM 128GB 4G,4519,128,Infinix,4GB
XIAOMI Redmi 14C - 6.88-inch 8GB/256GB Dual Sim 4G Mobile Phone - Sage Green,6950,256,XIAOMI,8GB
Samsung Galaxy A06 Dual SIM 4G 128GB/6GB - Black,5994,128,Samsung,6GB
"Samsung Galaxy A16 Dual SIM, 256GB, 8GB RAM, 4G LTE - Black",9500,256,Samsung,8GB
XIAOMI Redmi 14C - 6.88-inch 8GB/256GB Dual Sim 4G Mobile Phone - Midnight Black,6950,256,XIAOMI,8GB
Motorola Moto G75 - 6.78-inch 256GB/8GB Dual SIM 5G Mobile Phone - Charcoal Gray,11770,256,Motorola,8GB
"Infinix Smart 8 Dual SIM, 64GB, 2GB RAM, 4G LTE - White",3610,64,Infinix,2GB
Motorola G35 - 6.7 Inch 256GB/8GB Dual SIM 5G Mobile Phone - Midnight Black,7506,256,Motorola,8GB
"realme Mobile C75 8GB Ram, 256GB - Lightning Gold",9955,256,realme,8GB
realme C75 Dual-SIM 4G 256GB/8GB Mobile Phone 6.7 Inches - Lightning Gold,10150,256,realme,8GB
Motorola Moto G75 - 6.78-inch 256GB/8GB Dual SIM 5G Mobile Phone - Aqua Blue,11770,256,Motorola,8GB
"Honor X7c - 6.7"" 256GB/8GB Dual SIM 4G Mobile Phone - Moonlight White",8499,256,Honor,8GB
"Samsung Galaxy A16- 6.5-inch 4ram / 128 GB ,  Dual Sim 4G Mobile Phone -  gray",7490,128,Samsung,4
"OPPO Mobile A3 Dual SIM, 256GB, 8GB RAM, 4G LTE - Starlight White",9515,256,OPPO,8GB
"realme C63 - 6.7""  256GB/8GB Dual SIM 4G Mobile Phone - Leather Blue",7506,256,realme,8GB
XIAOMI Redmi Note 14 - Dual SIM 4G 256GB/8GB Mobile Phone - Midnight Black,9887,256,XIAOMI,8GB
Samsung Galaxy A06 - 6.7-inch 4GB/64GB Dual Sim 4G - Mobile Phone - Light Blue,4740,64,Samsung,4GB
XIAOMI Redmi 14C - 6.88-inch 6GB/128GB Dual Sim 4G Mobile Phone - Midnight Black,6040,128,XIAOMI,6GB
"OPPO A3 - 6.6"" 256GB/8GB Dual SIM 4G Mobile Phone - Starry Purple",9774,256,OPPO,8GB
Samsung Galaxy A06 Dual SIM 4G 64GB/4GB - Light Blue,4860,64,Samsung,4GB
Infinix Smart 9 Dual SIM 4G 64GB/3GB Mobile Phone - Mettalic Black,3830,64,Infinix,3GB
realme Note 60x - 6.74 Inch 128GB-4GB Dual SIM 4G Mobile Phone - Wilderness Green,5379,128,realme,4GB
Motorola G35 - 6.7 Inch 256GB/8GB Dual SIM 5G Mobile Phone - Leaf Green.,7506,256,Motorola,8GB
"realme Mobile C75 Dual SIM, 256GB, 8GB RAM,4G LTE - Black",9953,256,realme,8GB
Infinix Smart 9 Dual SIM 4+4 GB RAM 128GB  4G - Sandstone Gold,4650,128,Infinix,8
"XIAOMI Redmi Note 14 Dual SIM, 256GB, 8GB RAM, 4G LTE - Lime Green",10110,256,XIAOMI,8GB
XIAOMI Redmi 14C - 6.88-inch 4GB/128GB Dual Sim 4G Mobile Phone - Starry Blue,5480,128,XIAOMI,4GB
Samsung Galaxy A06 Mobile - 6.7 Inch - 128GB/6GB RAM - 4G Dual SIM - Black,5980,128,Samsung,6GB
Infinix Hot 50i - 6.7 Inch - Dual SIM Mobile Phone 4G 128GB/6GB - Sleek Black,5211,128,Infinix,6GB
"realme C61 - 6.7"" 128GB/4GB Dual SIM 4G Mobile Phone - Sparkle Gold",6048,128,realme,4GB
"Honor X6c Dual SIM 4G Smartphone – 256GB Storage, 6GB RAM – Ocean Cyan",6375,256,Honor,6GB
XIAOMI Redmi 13 Dual SIM 4G 256GB/8GB Mobile Phone - Sandy Gold 6.5 Inch,7236,256,XIAOMI,8GB
XIAOMI Redmi 13 - 6.79-inch 256GB/8GB Dual SIM Mobile Phone - Pink,7510,256,XIAOMI,8GB
Infinix Hot 50i - 6.7 Inch - Dual SIM Mobile Phone 4G 256GB/8GB - Sleek Black,5967,256,Infinix,8GB
XIAOMI Redmi 14C - 6.88-inch 4GB/128GB Dual Sim 4G Mobile Phone - Midnight Black,5480,128,XIAOMI,4GB
Samsung Galaxy A06 Dual SIM 4G 128GB/6GB Mobile Phone - Light Blue 6.7 Inch,5994,128,Samsung,6GB
"Infinix Smart 8 Dual SIM, 64GB, 2GB RAM, 4G LTE - Gold",3610,64,Infinix,2GB
Samsung Galaxy A06 Dual SIM 4G 128GB/4GB Mobile Phone - Black 6.7 Inch,5508,128,Samsung,4GB
"ZTE Nubia V60 Dual SIM, 256GB, 6GB RAM, 4G LTE - Dark Blue",6540,256,ZTE,6GB
Motorola Moto G35 - 6.72-inch 256GB/8GB Dual SIM 5G Mobile Phone - Leaf Green,7560,256,Motorola,8GB
Infinix HOT 50i Dual SIM 256GB  8+8GB RAM 4G -Sage Green,6070,256,Infinix,8GB
realme C65 Dual SIM 4G 256GB/8GB Mobile Phone - Starlight Black,7610,256,realme,8GB
"Honor X6c Dual SIM 4G Smartphone – 128GB Storage, 6GB RAM – Midnight Black",5666,128,Honor,6GB
Honor X5b - 6.56-inch 4GB/64GB Dual Sim 4G Mobile Phone - Midnight Black,4000,64,Honor,4GB
Infinix Smart 8 Mobile Phone - 6.6 Inches - Dual SIM 4G 64GB/2GB - Gold,3720,64,Infinix,2GB
Vivo V40 - 6.78-inch 256GB/12GB Dual Sim 5G Mobile Phone - White,22890,256,Vivo,12GB
"Samsung A56 Galaxy Dual SIM, 256GB, 8GB RAM, 5G - Awesome Graphite",23544,256,Samsung,8GB
"Samsung Galaxy A16 Dual SIM 4G 256GB/8GB Mobile Phone -Black 6.7 Inch With Wall Charger, 25 Watt, Type-C, Black - EP-T2510NBEGWW",9882,256,Samsung,8GB
Infinix MOBILE Hot 50 Dual SIM  8+8GB RAM 256GB 4G - Sage Green,6935,256,Infinix,8GB
Samsung Galaxy A15 - 6.5-inch 8GB/256GB Dual Sim 4G - Mobile Phone - Light Blue,9020,256,Samsung,8GB
XIAOMI Redmi 13C - 6.74 Inch Dual SIM 4G 128GB/6GB - Mobile Phone - Navy Blue,5778,128,XIAOMI,6GB
Vivo Y04 Dual-SIM 4G 128GB/4GB Mobile Phone 6.56 Inches - Dark Green,5640,128,Vivo,4GB
"XIAOMI Mobile Redmi Note 14, 4G Dual SIM 8GB RAM 256GB -  Midnight Black",10108,256,XIAOMI,8GB
"Samsung Galaxy A16 Dual SIM 4G 128GB/4GB Mobile Phone - Black 6.7 Inch With Wall Charger, 25 Watt, Type-C, Black - EP-T2510NBEGWW",7209,128,Samsung,4GB
"Honor X5b - 6.5"" 128 GB/4GB Dual SIM 4G Mobile Phone -  Blue",4509,128,Honor,4GB
realme C61 – 6.74 Inch - 128GB/6GB RAM - 4G - Dual SIM Mobile Phone - Dark Green,6590,128,realme,6GB
Motorola Moto G75 - 6.78-inch 256GB/8GB Dual SIM 5G Mobile Phone - Succulent Green,11770,256,Motorola,8GB
realme Note 50 Dual-SIM 4G 128GB/4GB Mobile Phone 6.6 Inches - Sky Blue,5640,128,realme,4GB
Vivo V40 - 6.78-inch 256GB/12GB Dual Sim 5G Mobile Phone - Purple,22890,256,Vivo,12GB
Samsung Galaxy A36 5G - 6.7-inch 8GB-256GB Dual Sim - Mobile Phone - Awesome Back,17777,256,Samsung,8GB
OPPO A3x - Dual SIM 4G 128GB/4GB Mobile Phone - Nebula Red,6690,128,OPPO,4GB
realme C67 - Dual SIM 4G 256GB/8GB Mobile Phone - Black Rock,9440,256,realme,8GB
Honor X8b - 6.7-inch 8GB/512GB Dual Sim 4G Mobile Phone - Glamorous Green,11160,512,Honor,8GB
"Samsung Galaxy A16 Dual SIM 4G 128GB/4GB Mobile Phone - Grey 6.7 Inch With Wall Charger, 25 Watt, Type-C, Black - EP-T2510NBEGWW",7209,128,Samsung,4GB
"Samsung Galaxy A16 Dual SIM 4G 256GB/8GB Mobile Phone -Gray 6.7 Inch With Wall Charger, 25 Watt, Type-C, Black - EP-T2510NBEGWW",9882,256,Samsung,8GB
XIAOMI Redmi A3x - 6.7 Inch 128GB/4GB Dual SIM 4G Mobile Phone - Midnight Black,4650,128,XIAOMI,4GB
realme C61 – 6.74 Inch - 128GB/4GB RAM - 4G - Dual SIM Mobile Phone - Sparkle Gold,5990,128,realme,4GB
Honor Magic V3 Dual SIM 5G 512GB/12GB - Tundra Green + Free Choice 2i Watch - Black + Free Choice X7 Lite Earbuds Clip,69999,512,Honor,12GB
Samsung Galaxy A06 Dual SIM 4G 128GB/4GB Mobile Phone - Light Blue 6.7 Inch,5508,128,Samsung,4GB
Nokia 150 Music 2025  Hmd  Dark Grey,1999,,Nokia,
Honor 400 Pro Dual SIM 5G Smartphone - 512GB/12GB - Lunar Grey + Choice Earbuds X7 Lite White + Grey Cover,34700,512,Honor,12GB
XIAOMI Redmi Note 14 Mobile Phone - 6.7 Inches - Dual SIM 4G 128GB/8GB - Blue,9180,128,XIAOMI,8GB
OPPO A3x Dual SIM 4G 64GB/4GB Mobile Phone - Ocean Blue,5570,64,OPPO,4GB
"realme C65 - 6.6"" 256GB/8GB Dual SIM 4G Mobile Phone - Starlight Black",7700,256,realme,8GB
Infinix Smart 9 Dual SIM Mint Green 4+4GB RAM 128GB 4G,4519,128,Infinix,4GB
"OPPO Reno 13F Dual SIM, 256GB, 8GB RAM,4G LTE - Plume Purple",14922,256,OPPO,8GB
realme Note 60x - 6.74 Inch 64GB-3GB Dual SIM 4G Mobile Phone - Wilderness Green,4665,64,realme,3GB
"XIAOMI Redmi 10C Dual SIM, 128GB, 4GB RAM, 4G LTE - Graphite Grey",5490,128,XIAOMI,4GB
Motorola G35 - 6.7 Inch 256GB/8GB Dual SIM 5G Mobile Phone - Guava Red,7506,256,Motorola,8GB
OPPO A5 Pro - 8GB RAM - 256GB - Brown,11772,256,OPPO,8GB
Samsung Galaxy A36 Dual SIM 5G 128GB/8GB Mobile Phone - Awesome Black,15099,128,Samsung,8GB
XIAOMI Redmi Note 14 Pro Mobile Phone - 6.7 Inches - Dual SIM 4G 256GB/8GB -Aurora Purple,14364,256,XIAOMI,8GB
Samsung Galaxy A06 Dual SIM 4G 128GB/6GB -  Light Blue,5994,128,Samsung,6GB
Samsung Galaxy A06 Dual SIM 4G 64GB/4GB Mobile Phone - Gold 6.7 Inch,4860,64,Samsung,4GB
Vivo Y03 - 6.56-inch 4GB/64GB Dual Sim 4G Mobile Phone - Gem Green,4770,64,Vivo,4GB
"Honor X9c Smart 12GB/256GB - 6.8""  Dual SIM 5G Mobile Phone -moonlight White",13824,256,Honor,12GB
"OPPO Reno 13F - 6.67"" 256GB/8GB Dual SIM 4G Mobile Phone - Graphite Grey",14688,256,OPPO,8GB
"Honor X6b - 6.5"" 256GB/6GB Dual SIM 4G Mobile Phone - Starry Purple",6531,256,Honor,6GB
"Samsung Galaxy A16 Dual SIM 4G 128GB/6GB Mobile Phone - Black 6.7 Inch With Wall Charger, 25 Watt, Type-C, Black - EP-T2510NBEGWW",7938,128,Samsung,6GB
XIAOMI Redmi Note 14 Mobile Phone - 6.7 Inches - Dual SIM 4G 128GB/8GB - Midnight Black,9180,128,XIAOMI,8GB
"OPPO A3x - 6.6"" 64GB/4GB Dual SIM 4G Mobile Phone- Ocean Blue",5616,64,OPPO,4GB
Samsung Galaxy A06 Dual SIM 4G 64GB/4GB Mobile Phone - Black 6.7 Inch,4648,64,Samsung,4GB
XIAOMI Redmi 14C - 6.88-inch 6GB/128GB Dual Sim 4G Mobile Phone - Dreamy Purple,6040,128,XIAOMI,6GB
"Samsung Galaxy A26 Dual SIM, 256GB, 8GB RAM, 5G - Black",14069,256,Samsung,8GB
Motorola Edge 50 Fusion Dual SIM 5G 512GB/12GB Mobile Phone - Forest Green,17250,512,Motorola,12GB
"realme C61 - 6.7"" 128GB/6GB Dual SIM 4G Mobile Phone - Sparkle Gold",5999,128,realme,6GB
"realme C61 - Dual SIM 4G Smartphone, 128GB Storage, 4GB RAM – Sparkle Gold",5780,128,realme,4GB
XIAOMI Redmi 14C - 6.88-inch 6GB/128GB Dual Sim 4G Mobile Phone - Sage Green,6040,128,XIAOMI,6GB
Infinix Smart 9 Dual SIM Metallic Black 4+4GB RAM 128GB 4G,4520,128,Infinix,4GB
realme C75 - 6.7 Inch 128GB/8GB Dual SIM 4G Mobile Phone - Storm Black,9491,128,realme,8GB
realme C63 - 6.75 Inch 256GB-8GB Dual SIM 4G Mobile Phone -Jade Green,7506,256,realme,8GB
Nokia 3 - 5.0-inch 16GB/2GB Dual SIM 4G Mobile Phone - Silver White - Silver White,3598,,Nokia,16GB
"Honor X6c Dual SIM 4G Smartphone – 256GB Storage, 6GB RAM – Midnight Black",6375,256,Honor,6GB
Samsung Galaxy A05s Mobile Phone - 6.7 inches - Dual SIM 4G 128GB/6GB - Silver,6237,128,Samsung,6GB
realme Note 50 Dual-SIM 4G 128GB/4GB Mobile Phone 6.6 Inches - Midnight Black,5554,128,realme,4GB
XIAOMI Poco C75 - 6.88-inch 6GB128GB Dual Sim 4G Mobile Phone - Black,5640,128,XIAOMI,6GB
Samsung A36 Galaxy 8GB - 256GB - 5G Awesome Lime,17496,256,Samsung,8GB
Samsung Galaxy A06 - 6.7-inch 4GB/128GB Dual Sim 4G - Mobile Phone - Gold,5480,128,Samsung,4GB
"Infinix Smart 9 Dual SIM, 128GB, 4GB RAM, 4G LTE - Sandstone Gold",4510,128,Infinix,4GB
"Infinix Smart 9,  128 GB Internal +4 GB RAM, + GB RAM EXTENDED MEMORY   sandstone gold",4970,128,Infinix,4
"Samsung Galaxy A26 Dual SIM, 128GB, 6GB RAM, 5G - Peach Pink",12180,128,Samsung,6GB
"Honor X9C Smart, 256GB, 12GB RAM, 4G, Dual SIM",14444,256,Honor,12GB
Vivo Y28 - 6.64-inch 8GB/256GB Dual Sim 4G Mobile Phone - Gleaming Orange,8570,64,Vivo,8GB
Infinix Hot50i Dual SIM Sage Green 6+6GB RAM 128GB 4G,5216,128,Infinix,6GB
Honor X8c – 6.7 inches Dual SIM 4G 512GB/8GB Mobile Phone - Moonlight White + Free Earbuds X6 - White,12890,512,Honor,8GB
XIAOMI MOBILE 14C 8GB RAM 256GB ROM MIDNIGHT BLACK,6847,256,XIAOMI,8GB
Infinix MOBILE HOT 50i 6+6GB RAM 128GB ROM SLEEK BLACK,5216,128,Infinix,6GB
Samsung Galaxy A06 - 6.7-inch 6GB/128GB Dual Sim 4G - Mobile Phone - Light Blue,6090,128,Samsung,6GB
Vivo Y19s Dual SIM 4G 128GB/4GB - 6.68 Inch Mobile Phone Silver,6102,128,Vivo,4GB
"Samsung Galaxy M55 Dual SIM, 256GB, 8GB RAM, 5G - Light Green",19015,256,Samsung,8GB
"OPPO Mobile A5 Pro, 4G,Dual SIM, 256 GB, 8 GB RAM ,Olive Green",11894,256,OPPO,8
Infinix Hot 50i - 6.7 Inch - Dual SIM Mobile Phone 4G 128GB/6GB - Titanium Grey,5211,128,Infinix,6GB
Vivo V50 Lite 5G - 256GB/12GB - Gold,15319,256,Vivo,12GB
Samsung Galaxy A26 Dual SIM 5G 128GB/6GB Mobile Phone - Pink,13619,128,Samsung,6GB
"OPPO A3x - 6.6"" 64GB/4GB Dual SIM 4G Mobile Phone- Nebula Red",5616,64,OPPO,4GB
Samsung Galaxy A16 Dual SIM 4G 128GB/6GB Mobile Phone - Light Green 6.7 Inch,7938,128,Samsung,6GB
"Samsung Mobile Galaxy A06 Dual SIM, 128GB, 6GB RAM, 4G LTE - Gold",5708,128,Samsung,6GB
Samsung Galaxy S23 Ultra - Dual SIM - 5G 256GB/12GB - Green Refurbished - Gold Grade.,38899,256,Samsung,12GB
realme C75 Dual-SIM 4G 256GB/8GB Mobile Phone 6.7 Inches - Storm Black,10150,256,realme,8GB
Vivo Y29 Dual SIM 8GB 256GB RAM 4G LTE - White,9234,256,Vivo,8GB
Infinix Hot50i Dual SIM Titanium Grey 6+6GB RAM 128GB 4G,5216,128,Infinix,6GB
"realme C61 - Dual SIM 4G Smartphone, 128GB Storage, 6GB RAM – Dark Green",6390,128,realme,6GB
realme 14 5G - 6.67 -inch  256GB-12GB Mobile Phone Dual SIM 5G -Sorm Titanium,18111,256,realme,12GB
XIAOMI MOBILE REDMI 13 8GB RAM 128GB ROM OCEAN BLUE,7020,128,XIAOMI,8GB
"realme C61 - Dual SIM 4G Smartphone, 128GB Storage, 6GB RAM – Sparkle Gold",6390,128,realme,6GB
Samsung Galaxy A36 5G - 6.7-inch 8GB-256GB Dual Sim - Mobile Phone - Awesome Lavender,17777,256,Samsung,8GB
XIAOMI Redmi A5 Dual SIM 4G 128GB/4GB Mobile Phone - Ocean Blue,4990,128,XIAOMI,4GB
"Motorola Mobile Moto G35 5G, 8GB Ram, 256GB - Guava Red",7486,256,Motorola,8GB
Vivo Y19s Dual SIM 128GB/4GB Mobile Phone - Glacier Blue 6.5 Inch,6102,128,Vivo,4GB
"XIAOMI Redmi A5 Dual SIM, 128GB, 4GB RAM, 4G LTE - Midnight Black",4990,128,XIAOMI,4GB
XIAOMI Redmi A3 - 6.71-inch 4GB/128GB Dual Sim 4G Mobile Phone - Midnight Black,4740,128,XIAOMI,4GB
"Honor X9c - 6.7"" 256GB/12GB Dual SIM 5G Mobile Phone - Titanium Purple",17199,256,Honor,12GB
XIAOMI Redmi Note 14 - Dual SIM 4G 256GB/8GB Mobile Phone - Lime Green,10150,256,XIAOMI,8GB
"Honor 200 - 6.7"" 256GB/12GB Dual SIM 5G Mobile Phone - Emerald Green",21199,256,Honor,12GB
Honor X5b Plus - 6.56-inch 4GB/128GB Dual Sim 4G Mobile Phone - Midnight Black,4410,128,Honor,4GB
"Samsung A56 Galaxy Dual SIM, 128GB, 8GB RAM, 5G -Awesome Graphite",20196,128,Samsung,8GB
"XIAOMI Redmi Note 12 Dual SIM, 8GB RAM, 128GB ROM-Onyx Gray",8099,128,XIAOMI,8GB
Infinix Smart 9 - 6.7 Inch - Dual SIM Mobile Phone 4G 128GB/4GB - Mint Green,4590,128,Infinix,4GB
realme C75 - 6.7 Inch 128GB/8GB Dual SIM 4G Mobile Phone - Lightning Gold,8145,128,realme,8GB
Honor 400 Pro Dual SIM 5G Smartphone - 512GB/12GB - Tidal Blue  + Choice Earbuds X7 Lite White + Grey Cover,34340,512,Honor,12GB
"OPPO Mobile Reno 13F, 256GB, 8GB RAM, 4G, Dual SIM - Graphite Grey",14922,256,OPPO,8GB
"Samsung Galaxy S24 Ultra - 6.8"" 256GB/12GB Dual SIM 5G Mobile Phone - Titanium Black",51880,256,Samsung,12GB
"Vivo Mobile V50 Lite Dual SIM – 256GB, 8GB RAM, 4G - GOLD",12956,256,Vivo,8GB
"Samsung Galaxy M55 Dual SIM, 128GB, 8GB RAM, 5G - Light Green",16240,128,Samsung,8GB
realme Note 50 Dual-SIM 4G 64GB/3GB Mobile Phone 6.6 Inches - Midnight Black,4960,64,realme,3GB
Vivo Y29 Dual-SIM 4G 256GB/8GB Mobile Phone 6.51 Inches - Noble Brown,9540,256,Vivo,8GB
realme 14 Dual SIM 5G 256GB/12GB Mobile Phone - Storm Titanium,18270,256,realme,12GB
Samsung A26 Galaxy 6GB - 128GB - 5G  Black,11529,128,Samsung,6GB
Vivo V50 Dual SIM 5G 256GB/12GB  Mobile Phone - Starry Night,26160,256,Vivo,12GB
Samsung Galaxy A05s - 6.5-inch 4GB/64GB Dual Sim 4G Mobile Phone - Black,5330,64,Samsung,4GB
"Samsung A56 Galaxy Dual SIM, 128GB, 8GB RAM, 5G -Light Gray",20196,128,Samsung,8GB
realme C65 - 6.67-inch 256GB/8GB Dual SIM Mobile Phone -Starlight Gold,7610,256,realme,8GB
"realme C61 - 6.7"" 128GB/4GB Dual SIM 4G Mobile Phone -Dark Green",6048,128,realme,4GB
"Samsung Galaxy A36 5G, 8GB Ram, 256GB - Awesome Black",17599,256,Samsung,8GB
"XIAOMI Redmi A5 Dual Sim 4G, 4GB RAM, 128GB, MIDNIGHT BLACK",5045,128,XIAOMI,4GB
Samsung Galaxy A06 - 6.7-inch 4GB/128GB Dual Sim 4G - Mobile Phone - Black,5480,128,Samsung,4GB
Infinix Hot 50i - 6.7 Inch - Dual SIM Mobile Phone 4G 256GB/8GB - Titanium Grey,5994,256,Infinix,8GB
Vivo Y28 - 6.64-inch 8GB/256GB Dual Sim 4G Mobile Phone - Agate Green,8570,64,Vivo,8GB
"Vivo Mobile Y04 Dual SIM, 128GB Memory, 4GB RAM, 4G , Titanium Gold",5708,128,Vivo,4GB
OPPO Reno 13F - Dual SIM 4G 256GB/8GB Mobile Phone - Graphite Grey,15210,256,OPPO,8GB
Tecno SPARK 30C 8G 256G ORBIT WHITE,6425,256,Tecno,8
realme C63 - 6.75-inch 128GB/6GB Dual SIM Mobile Phone -Leather Blue,6600,128,realme,6GB
Vivo Y04 Dual-SIM 4G 128GB/4GB Mobile Phone 6.56 Inches - Titanium Gold,5640,128,Vivo,4GB
Honor 400 Dual SIM 5G 256GB/12GB Mobile Phone - Midnight Black,21530,256,Honor,12GB
Infinix Hot 50 - 6.7 Inch - Dual SIM Mobile Phone 4G 256GB/8GB - Sleek Black,7074,256,Infinix,8GB
Samsung Galaxy A36 5G - 8GB Ram 256GB - Awesome White,17358,256,Samsung,8GB
realme C11 2021 2GB RAM 32GB ROM- LAKE BLUE,3760,32,realme,2GB
Samsung Galaxy A05s Dual SIM 4G 128GB/6GB - Silver,6163,128,Samsung,6GB
"Samsung Galaxy A26 Dual SIM, 128GB, 6GB RAM, 5G - White",12180,128,Samsung,6GB
Redmi A3 4GB RAM 128GB ROM MIDNIGHT BLACK,5047,128,Redmi,4GB
Motorola Moto G85 - 6.67-inch 256GB/12GB Dual SIM 5G Mobile Phone - Cobalt Blue,13310,256,Motorola,12GB
Samsung Galaxy A06 Dual SIM 4G 128GB/6GB Mobile Phone - Black 6.7 Inch,5994,128,Samsung,6GB
"Honor X6b - 6.5"" 128GB/6GB Dual SIM 4G Mobile Phone - Starry Purple",5530,128,Honor,6GB
XIAOMI Redmi Note 14 Pro - 6.6 Inch 256GB/8GB Dual SIM 4G Mobile Phone - Midnight Black,13950,256,XIAOMI,8GB
Samsung Galaxy A06 Dual SIM 4G 128GB/6GB Mobile Phone - Black 6.7 Inch With USB-C Wall Charger 25 Watt,5994,128,Samsung,6GB
Honor X6b - 6.56-inch 6GB/256GB Dual Sim 4G Mobile Phone - Midnight Black,6790,256,Honor,6GB
XIAOMI Poco C75 - 6.88-inch 8GB/256GB Dual Sim 4G Mobile Phone - Gold,6320,256,XIAOMI,8GB
TAG-PHONE Special Smart Phone 6.52 inch Dual Nano SIM-6 GB RAM-128 GB-4G-Android 11.0,9000,128,,6
"realme C65 Smartphone, 8+256GB, 50MP Camera, 6.67"" 90Hz Display, 45W Fast Charging, 5000mAh Battery, NFC, Gold - Dual SIM",8899,256,realme,8
XIAOMI Redmi 13 - 6.79-inch 256GB/8GB Dual SIM Mobile Phone - Gold,7510,256,XIAOMI,8GB
realme Note 60x - 6.74 Inch 64GB-3GB Dual SIM 4G Mobile Phone - Marble Black,4665,64,realme,3GB
realme 14T 5G - 6.67-inch  256GB-8GB Mobile Phone Dual SIM 5G - Lightning Purple,14155,256,realme,8GB
OPPO Reno 13F - Dual SIM 5G 256GB/12GB Mobile Phone - Plume Purple,19270,256,OPPO,12GB
XIAOMI Redmi A3 - 6.71-inch 4GB/128GB Dual Sim 4G Mobile Phone - Star Blue,4740,128,XIAOMI,4GB
realme C75 - 6.72 Inch-8GB-256GB RAM Dual SIM 4G Mobile Phone - Lightning Gold,9990,256,realme,8GB
Darago D1000- 2.4 Inch 2 SIM Card Mobile Phone - Black - Desert Telephone,1699,,,
"ZTE Nubia Neo 2 Dual SIM, 256GB, 8GB RAM, 5G - Storm Grey",11160,256,ZTE,8GB
Infinix Hot 50i 6.7-inch Dual SIM 6GB RAM 128GB 4G  Sage Green,5222,128,Infinix,6GB
"Honor X6b - 6.5"" 128GB/6GB Dual SIM 4G Mobile Phone - Forest Green",5696,128,Honor,6GB
realme Note 60X Dual-SIM 4G 128GB/4GB Mobile Phone 6.78 Inches - Wilderness Green,5380,128,realme,4GB
Vivo V50 LITE 8GR-256GB GREEN,12592,256,Vivo,8
Samsung Galaxy A06 Dual SIM 4G 128GB/4GB Mobile Phone - GOLD 6.7 Inch,5484,128,Samsung,4GB
Motorola Moto G85 - 6.67-inch 256GB/12GB Dual SIM 5G Mobile Phone - Olive Green,13310,256,Motorola,12GB
realme Note 50 Dual-SIM 4G 64GB/3GB Mobile Phone 6.6 Inches - Sky Blue,4960,64,realme,3GB
XIAOMI Redmi Note 14 Pro+ - 6.6 Inch 256GB/12GB Dual SIM 4G Mobile Phone - Blue + Free Redmi Watch 5 Active - Black,21999,256,XIAOMI,12GB
Honor X9c 5G- 6.78-inch 12GB/256GB Dual Sim  Mobile Phone - Titanium Black,17776,256,Honor,12GB
"Vivo Mobile Y29 Dual Sim – 128GB, 8GB RAM, 4G , Brown",8455,128,Vivo,8GB
Vivo Y04 64GB 4GB 4G LTE Dual SIM  Dark Green,4860,64,Vivo,4GB
Vivo Y04 64GB 4GB 4G LTE Dual SIM  Gold,4860,64,Vivo,4GB
Vivo V50 Lite 4G - 256GB/8GB - Green,11999,256,Vivo,8GB
Samsung Galaxy A06 Dual SIM 4G 128GB/4GB Mobile Phone - Light Blue 6.7 Inch With  USB-C Wall Charger 25 Watt,5508,128,Samsung,4GB
XIAOMI Redmi 13 - 6.79-inch 256GB/8GB Dual SIM Mobile Phone - Ocean Blue,7510,256,XIAOMI,8GB
"XIAOMI Redmi 14C - 6.8"" 256GB/8GB Dual SIM 4G Mobile Phone - Midnight",7020,256,XIAOMI,8GB
Vivo Y29 Dual SIM 128GB 8GB RAM 4G LTE - Brown,8424,128,Vivo,8GB
Nothing 3A - Dual SIM 5G 128GB/8GB Mobile Phone – White,23666,128,Nothing,8GB
Samsung Galaxy A15 - 6.5-inch 8GB/256GB Dual Sim 4G - Mobile Phone - Yellow,9020,256,Samsung,8GB
"Motorola MOBILE Moto G85 Dual Sim – 256GB,  12+12GB RAM , 5G ,Blue",13679,256,Motorola,12GB
Samsung A36 Galaxy 8GB - 256GB - 5G Black,17496,256,Samsung,8GB
Infinix Smart 9 - 6.7 Inch - Dual SIM Mobile Phone 4G 64GB/3GB - Neo Titanium,3942,64,Infinix,3GB
"realme C63 - Dual SIM 4G Smartphone, 256GB Storage, 8GB RAM – Jade Green",7410,256,realme,8GB
realme C61 – 6.74 Inch - 128GB/4GB RAM - 4G - Dual SIM Mobile Phone - Dark Green,5990,128,realme,4GB
Samsung Galaxy A06 Dual SIM 4G 128GB/6GB Mobile Phone - Light Blue 6.7 Inch With USB-C Wall Charger 25 Watt,5994,128,Samsung,6GB
"realme C61 - 6.7"" 128GB/6GB Dual SIM 4G Mobile Phone - Dark Green",5999,128,realme,6GB
"OPPO Mobile A5 Pro, 4G,Dual SIM, 256 GB, 8 GB RAM ,Mocha Brown",11894,256,OPPO,8
Motorola Moto G85 - 6.67-inch 256GB/12GB Dual SIM 5G Mobile Phone - Urban Grey,13310,256,Motorola,12GB
Infinix Smart 9 . 6.7 Inche 4GB RAM 128GB Dual SIM 4G -Neo Titanium,4702,128,Infinix,4GB
Samsung Galaxy A05s Mobile Phone - 6.7 Inches - Dual SIM - 4G - 128GB - 6GB - Silver + Free Samsung Charger 25W - Black,5950,128,Samsung,6GB
XIAOMI Redmi Note 14 Pro Dual SIM 4G 256GB/8GB Mobile Phone - Ocean Blue,14320,256,XIAOMI,8GB
Infinix Smart 8 - 6.6-Inch 128GB- 8GB (4+4GB RAM) - SHINY GOLD + Free Mobile Holder,5600,128,Infinix,8GB
"XIAOMI Redmi Note 14 Pro - 512GB/12GB, 6.67 Inch - Aurora Purple _4G",17604,512,XIAOMI,12GB
Infinix Hot 50i - 6.7 Inch - Dual SIM Mobile Phone 4G 256GB/8GB - Sage Green,5598,256,Infinix,8GB
"OPPO A3 - 6.6"" 128GB/6GB Dual SIM 4G Mobile Phone - Starlight White",8046,128,OPPO,6GB
Honor X8c – 6.7 inches Dual SIM 4G 512GB/8GB Mobile Phone - Marrs Green + Free Earbuds X6 - White,12890,512,Honor,8GB
"Samsung Galaxy M55 Dual SIM, 128GB, 8GB RAM, 5G - Black",16704,128,Samsung,8GB
Samsung Galaxy A06 Mobile - 6.7 Inch - 128GB/6GB RAM - 4G Dual SIM - Light Blue,5980,128,Samsung,6GB
Vivo Mobile V50 Lite 5G - 12GB RAM - 256GB - Gold,15910,256,Vivo,12GB
Honor X8c - Dual SIM 4G Smartphone - 256GB Storage / 8GB RAM - Marrs Green,11399,256,Honor,8GB
Nothing 3A - Dual SIM 5G 128GB/8GB Mobile Phone - Black + Free CMF Buds Pro - Dark Grey,23666,128,Nothing,8GB
Redmi A3 3GB RAM 64GB ROM MIDNIGHT BLACK,4538,64,Redmi,3GB
"OPPO A3 - 6.6"" 256GB/8GB Dual SIM 4G Mobile Phone - Sparkle Black",9774,256,OPPO,8GB
"realme Mobile C75 8GB Ram, 128GB - Lightning Gold",8483,128,realme,8GB
Honor X8b - 6.7-inch 8GB/512GB Dual Sim 4G Mobile Phone - Midnight Black,11160,512,Honor,8GB
Samsung Galaxy A16 Dual SIM 4G 256GB/8GB Mobile Phone - Blue Black 6.7 Inch,9882,256,Samsung,8GB
"Samsung Galaxy A26 , 5G, 128GB, 6GB RAM, Black",12065,128,Samsung,6GB
"realme C63 - Dual SIM 4G Smartphone, 256GB Storage, 8GB RAM – Leather Blue",7410,256,realme,8GB
"Vivo Mobile V50 Lite, 8GB Ram, 128GB - Gold",12199,128,Vivo,8GB
Infinix Hot 50I X6531 256+8 Sleek Black,5700,256,Infinix,8
Honor X9c 5G- 6.78-inch 12GB/256GB Dual Sim  Mobile Phone - Jade Cyan,17930,256,Honor,12GB
"OPPO A3x - 6.6"" 128GB/4GB Dual SIM 4G Mobile Phone - Ocean Blue",6577.2,128,OPPO,4GB
XIAOMI Redmi Note 14 - Dual SIM 4G 128GB/8GB Mobile Phone - Ocean Blue,9330,128,XIAOMI,8GB
"Vivo Mobile V50 Lite Dual SIM – 256GB, 8GB RAM, 4G - Green",12956,256,Vivo,8GB
XIAOMI Redmi Note 14 Mobile Phone - 6.7 Inches - Dual SIM 4G 256GB/8GB -Midnight Black,10098,256,XIAOMI,8GB
"XIAOMI Redmi Note 14 Pro Plus 5G - 256GB/12GB, 6.67 Inch -  Midnight Black",23004,256,XIAOMI,12GB
XIAOMI Redmi A3  - 6.7 Inches &ndash; Dual Sim 4G 64GB/3GB - Midnight Black,4104,64,XIAOMI,3GB
Infinix Smart 8 Mobile Phone - 6.6 Inches - Dual SIM 4G 64GB/2GB -Green,4199,64,Infinix,2GB
XIAOMI Redmi Note 14 - Dual SIM 4G 128GB/6GB Mobile Phone - Midnight Black,8570,128,XIAOMI,6GB
"XIAOMI Redmi Note 14 Pro Plus Dual SIM, 256GB, 12GB RAM, 5G - Frost Blue",22954,256,XIAOMI,12GB
Honor Magic 7 Pro Dual SIM 5G 512GB/12GB - Black,54130,512,Honor,12GB
Samsung Galaxy A06 Dual SIM 4G 128GB/4GB Mobile Phone - GOLD 6.7 Inch With  USB-C Wall Charger 25 Watt,5508,128,Samsung,4GB
XIAOMI Redmi A3 - 6.71-inch 3GB/64GB Dual Sim 4G Mobile Phone - Midnight Black,4060,64,XIAOMI,3GB
"realme C75 256GB/8GB- 6.72""  Dual SIM 4G Mobile Phone - Gold",9882,256,realme,8GB
Samsung Galaxy A05s - 6.5-inch 6GB/128GB Dual Sim 4G Mobile Phone - Silver,6150,128,Samsung,6GB
Samsung Galaxy S25 Ultra Dual SIM 5G 256GB/12GB - 6.9 Inch Mobile Phone Titanium Gray,60480,256,Samsung,12GB
Motorola Moto G35 - 6.72-inch 256GB/8GB Dual SIM 5G Mobile Phone - Midnight Black,7560,256,Motorola,8GB
Samsung Galaxy A06 Mobile - 6.7 Inch - 64GB/4GB RAM - 4G Dual SIM - Black,4599,64,Samsung,4GB
"Apple IPhone 16 Pro Max Single SIM 256GB/8GB - 6.9""  5G Mobile Phone - Natural Titanium",75610,256,Apple,8GB
"Vivo Mobile Y04 Dual SIM, 64GB, 4GB RAM, 4G LTE - Titanium Gold",5035,64,Vivo,4GB
Samsung Galaxy A06 Dual SIM 4G 128GB/6GB Mobile Phone - Gold 6.7 Inch,5994,128,Samsung,6GB
"Honor 200 Pro - 6.7"" 512GB/12GB Dual SIM 5G Mobile Phone - Moonlight White + Free Honor Choice Watch Black",31990,512,Honor,12GB
Infinix Smart 9 . 6.7 Inche 4GB RAM 128GB Dual SIM 4G -Sandstone Gold,4702,128,Infinix,4GB
"XIAOMI Mobile Redmi Note 14, 128GB, 8GB RAM, 4G, Dual SIM - Midnight Black",9332,128,XIAOMI,8GB
Infinix HOT 50i Dual SIM 256GB  8+8GB RAM 4G -TITANIUM GREY,6070,256,Infinix,8GB
"AllCall Magic 15 Max 6.6"" 128GB/4GB Dual SIM 4G Mobile Phone - Cyan Green",3899,128,AllCall,4GB
XIAOMI Redmi Note 14 Pro - 6.6 Inch 512GB/12GB Dual SIM 4G Mobile Phone - Midnight Black,16994,512,XIAOMI,12GB
Apple IPhone 15 Single SIM 5G 128GB/6GB - 6.1 Inch Mobile Phone Pink,44820,128,Apple,6GB
XIAOMI Redmi Note 14 Pro+ - 6.6 Inch 256GB/12GB  Dual SIM 5G Mobile Phone  - Midnight Black,21699,256,XIAOMI,12GB
XIAOMI MOBILE REDMI NOTE 14 PRO 8GB RAM 256GB ROM Ocean Blue,14716,256,XIAOMI,8GB
Samsung Galaxy A16 Dual SIM 4G 128GB/4GB Mobile Phone - Grey 6.7 Inch,7209,128,Samsung,4GB
"Honor 200 - 6.7"" 512GB/12GB Dual SIM 5G Mobile Phone - Moonlight White",25131,512,Honor,12GB
Infinix Smart 9 - 6.7 Inch - Dual SIM Mobile Phone 4G 64GB/3GB - Sandstone Gold,3942,64,Infinix,3GB
Samsung Galaxy A06 - 6.7-inch 6GB/128GB Dual Sim 4G - Mobile Phone - Black,5810,128,Samsung,6GB
"Apple IPhone 16 Pro Max Single SIM 256GB/8GB - 6.9""  5G Mobile Phone - Desert Titanium",75060,256,Apple,8GB
Samsung Galaxy A06 Dual SIM 4G 64GB/4GB Mobile Phone - Light Blue 6.7 Inch,4805,64,Samsung,4GB
Samsung Galaxy A06 - 6.7-inch 4GB/128GB Dual Sim 4G - Mobile Phone - Light Blue,5480,128,Samsung,4GB
realme Note 60 - 6.7 Inch 128GB/4GB Dual SIM 4G Mobile Phone - Marble Black,5599,128,realme,4GB
"OPPO Mobile Reno 13F, 256GB, 8GB RAM, 4G, Dual SIM - Skyline Blue",14922,256,OPPO,8GB
"realme Note 50 - 6.7"" 64GB/3GB Dual SIM 4G Mobile Phone - Sky Blue",4799,64,realme,3GB
Infinix Hot 50i - 6.7 Inch - Dual SIM Mobile Phone 4G 256GB/8GB+8GB - Sage Green,5700,256,Infinix,8GB
realme Note 60 - 6.7 Inch 128GB/4GB Dual SIM 4G Mobile Phone - Voyage Blue,5599,128,realme,4GB
Motorola G85 mobile phone Dual SIM 5G 256GB/12GB - Cobalt Blue,14022,256,Motorola,12GB
realme Note 60 - 6.7 Inch 64GB/3GB Dual SIM 4G Mobile Phone - Marble Black,5099,64,realme,3GB
"Apple IPhone 16 Single SIM 128GB/8GB -  6.1"" Mobile Phone 5G (With Facetime) - Teal",52920,128,Apple,8GB
realme 14T Dual SIM 5G 256GB/8GB Mobile Phone - Obsidian Black,14210,256,realme,8GB
Samsung Galaxy A06 Dual SIM 4G 128GB/6GB Mobile Phone - Gold 6.7 Inch With USB-C Wall Charger 25 Watt,5994,128,Samsung,6GB
Honor X8c – 6.7 inches Dual SIM 4G 512GB/8GB Mobile Phone - Midnight Black + Free Earbuds X6 - White,12890,512,Honor,8GB
"Apple IPhone 16 Pro Max Single SIM 256GB/8GB - 6.9""  5G Mobile Phone - Black Titanium",75610,256,Apple,8GB
Motorola G85 mobile phone Dual SIM 5G 256GB/12GB - Urban Grey,14022,256,Motorola,12GB
"Honor 200 Pro - 6.7"" 512GB/12GB Dual SIM 5G Mobile Phone - Black",31990,512,Honor,12GB
Apple IPhone 13  Single SIM 5G 128GB/4GB - Blue - Not Including Customs Tax -,25778,128,Apple,4GB
Motorola G85 mobile phone Dual SIM 5G 256GB/12GB - Olive Green,14022,256,Motorola,12GB
Apple iPhone 13  Single SIM 5G 128GB/4GB - Starlight- Not including customs tax,25778,128,Apple,4GB
"Honor 200 Pro - 6.7"" 512GB/12GB Dual SIM 5G Mobile Phone - Black+ Free Honor Choice Watch Black",31990,512,Honor,12GB
XIAOMI Redmi Note 14 - Dual SIM 4G 128GB/8GB Mobile Phone - Sand Gold,9330,128,XIAOMI,8GB
Samsung Galaxy S24 Ultra - 6.8 Inch - 256GB/12GB RAM - 5G - Dual SIM Mobile Phone - Titanium Gray,51880,256,Samsung,12GB
Apple IPhone 16 Plus  Single SIM 5G 128GB/8GB - White - Not Including Customs Tax,48056,128,Apple,8GB
"OPPO Reno 13 - 6.67"" 256GB/12GB Dual SIM 5G Mobile Phone - Luminous Blue",29376,256,OPPO,12GB
OPPO Reno 13F - Dual SIM 5G 256GB/12GB Mobile Phone - Graphite Grey,19270,256,OPPO,12GB
Samsung Galaxy S24 Ultra Dual SIM 5G 256GB/12GB - Titanium Grey - Not Including Customs Tax,39444,256,Samsung,12GB
Samsung A36 Galaxy 8GB - 128GB - 5G White,15390,128,Samsung,8GB
Infinix Hot 50 - 6.7 Inch - Dual SIM Mobile Phone 4G 256GB/8GB - Titanium Grey,7074,256,Infinix,8GB
Apple IPhone 16 Pro Max Single SIM 5G 256GB/8GB - No Customs Tax,76667,256,Apple,8GB
"Apple IPhone 16 Pro Single SIM 256GB/8GB - 6.3""  5G Mobile Phone - Desert Titanium",72050,256,Apple,8GB
Honor X9c 5G- 6.78-inch 12GB/256GB Dual Sim  Mobile Phone - Sunrise Orange,17930,256,Honor,12GB
"Samsung Galaxy A36 Dual Sim , 128GB, 8GB Ram,Awesome White, 5G",15702,128,Samsung,8GB
Samsung Galaxy S25 Ultra Dual SIM 5G 256GB/12GB - 6.9 Inch Mobile Phone Titanium Black,60480,256,Samsung,12GB
"Motorola Edge 50 Fusion Dual SIM, 512GB, 12GB RAM, 5G - Forest Blue",17250,512,Motorola,12GB
"Apple IPhone 16 Single SIM 128GB/8GB -  6.1"" Mobile Phone 5G (With Facetime) - Black",52920,128,Apple,8GB
"Samsung Galaxy A16 Dual SIM 4G 128GB/6GB Mobile Phone -Gray 6.7 Inch With Wall Charger, 25 Watt, Type-C, Black - EP-T2510NBEGWW",7938,128,Samsung,6GB
"OPPO Reno 13F - 6.67"" 256GB/8GB Dual SIM 4G Mobile Phone - Blue",14688,256,OPPO,8GB
Apple IPhone 13 - Single SIM 5G 128GB/4GB- Midnight black,31499,128,Apple,4GB
"Honor X6c Dual SIM 4G Smartphone – 256GB Storage, 6GB RAM – Moonlight White",6375,256,Honor,6GB
Samsung Galaxy S25 Ultra Dual SIM 5G 256GB/12GB - Titanium Black - No Customs Tax,67389,256,Samsung,12GB
Infinix HOT 50i 4G Dual SIM Mobile Phone 256GB/8GB - Sleek Black,5520,256,Infinix,8GB
Nothing 3A Pro - Dual SIM 5G 256GB/12GB Mobile Phone - Black + Free CMF Watch Pro - Ash Gray + Free CMF Buds Pro - Dark Grey + 1 Year Screen insurance,39999,256,Nothing,12GB
"OPPO Reno 13F - 6.67"" 256GB/8GB Dual SIM 4G Phone Mobile - Graphite Grey",14880,256,OPPO,8GB
Samsung Galaxy S25 Ultra Dual SIM 5G 512GB/12GB - 6.9 Inch Mobile Phone Titanium Black,71280,512,Samsung,12GB
Nothing CMF Phone 1 - Dual SIM 5G 128GB/8GB Mobile Phone - Light Green,14499,128,Nothing,8GB
Samsung Galaxy A56 Dual SIM 5G 128GB/8GB Mobile Phone - Awesome Light Gray,21430,128,Samsung,8GB
Infinix Smart 9 Dual SIM 4G 64GB/3GB Mobile Phone - Neo Titanium,3830,64,Infinix,3GB
Samsung Galaxy S25 Ultra Dual SIM 5G 512GB/12GB - 6.9 inch Mobile Phone Titanium GRAY,71280,512,Samsung,12GB
"Benco V91 - 6.5"" 128GB/8GB Dual SIM 4G Mobile Phone - Midnight Black",4799,128,,8GB
OPPO Reno 13F - Dual SIM 4G 256GB/8GB Mobile Phone - Skyline Blue,15210,256,OPPO,8GB
XIAOMI Redmi A5 Dual SIM 4G 128GB/4GB Mobile Phone - Sandy Gold,4990,128,XIAOMI,4GB
Apple iPhone 15   Single SIM 5G 128GB/6GB - Black - Not including customs tax,36444,128,Apple,6GB
Motorola Edge 50 Fusion Dual SIM 5G 512GB/12GB Mobile Phone - Hot Pink,17250,512,Motorola,12GB
OPPO Reno 13f Dual SIM 4G 256GB/8GB Mobile Phone - Plume Purple,15210,256,OPPO,8GB
"OPPO Reno 13F - 6.67"" 256GB/8GB Dual SIM 4G Phone Mobile - Skyline Blue",14880,256,OPPO,8GB
"Apple IPhone 16 Plus Single SIM 128GB/8GB - 6.7"" 5G Mobile Phone - Black",63720,128,Apple,8GB
"XIAOMI Redmi Note 14 Dual SIM, 128GB, 6GB RAM, 4G LTE - Ocean Blue",9075,128,XIAOMI,6GB
Samsung Galaxy A36 Dual SIM 5G 256GB/8GB Mobile Phone - Awesome White,17590,256,Samsung,8GB
Vivo Y29 - 6.6 Inch 128GB/8GB Dual SIM 4G Mobile Phone - Elegant White,8099,128,Vivo,8GB
Samsung A26 Galaxy 6GB - 128GB - 5G  Peach Pink,11529,128,Samsung,6GB
realme C75 Dual-SIM 4G 128GB/8GB Mobile Phone 6.7 Inches - Storm Black,8630,128,realme,8GB
Samsung Galaxy A16 Dual SIM 4G 256GB/8GB Mobile Phone - Light Green 6.7 Inch,9882,256,Samsung,8GB
Samsung A36 Galaxy 8GB - 256GB - 5G White,17496,256,Samsung,8GB
Vivo Mobile V50 Lite 5G - 12GB RAM - 256GB - BLACK,15907,256,Vivo,12GB
Nothing CMF Phone 1 - Dual SIM 5G 128GB/8GB Mobile Phone - Black,14499,128,Nothing,8GB
Infinix Smart 8 Mobile Phone - 6.6 Inches - Dual SIM 4G 64GB/2GB - White,3720,64,Infinix,2GB
OPPO A3 - Dual SIM 4G 128GB/6GB Mobile Phone - Starlight White,8110,128,OPPO,6GB
Samsung Galaxy S25 Ultra Dual SIM 5G 256GB/12GB - Titanium Silver Blue - No Customs Tax,67389,256,Samsung,12GB
OPPO A3x Dual SIM 4G 64GB/4GB - Nebula Red,5547,64,OPPO,4GB
Samsung Galaxy Tablet Tab A9 Single SIM 4G 128GB/8GB - Silver,9022,128,Samsung,8GB
"Samsung Galaxy S24 Ultra 6.8"" 512GB-12GB Dual SIM 5G Mobile Phone - Titanium Black",63720,512,Samsung,12GB
Samsung A36 Galaxy 8GB - 128GB - 5G Awesome Lavender,15390,128,Samsung,8GB
Honor Magic 7 Pro 5G Dual SIM Mobile Phone 512GB/12GB - Lunar Shadow Grey - Free Choice 2i black Smartwatch - Free x7 Lite Earbuds White,53375,512,Honor,12GB
realme 14T Dual SIM 5G 256GB/8GB Mobile Phone - Lightning Purple,14210,256,realme,8GB
"Samsung Galaxy S24 Ultra - 6.8"" 512GB/12GB Dual SIM 5G Mobile Phone - Titanium Gray",63720,512,Samsung,12GB
realme 14T 5G - 6.83-inch  256GB-8GB Mobile Phone Dual SIM 5G - Lightning Purple,14190,256,realme,8GB
Vivo Y19s Dual SIM 128GB/6GB Mobile Phone - Black 6.5 Inch,6696,128,Vivo,6GB
Hmd Crest Max Dual SIM 5G 256GB/8GB Mobile Phone - Deep Purple,8230,256,Hmd,8GB
"Redmi Xiaomi Redmi A3  , 128 GEGA RAM 4 ,lcd: 6.71, Camera 8MP.   Midnight BLACK",5399,128,Redmi,4
"realme C75X Dual SIM, 128GB, 6GB RAM, 4G LTE - Oceanic Blue",7610,128,realme,6GB
XIAOMI MOBILE REDMI NOTE 14 PRO 8GB RAM 256GB ROM MIDNIGHT BLACK,14716,256,XIAOMI,8GB
"XIAOMI Redmi 14C - 6.8"" 128GB/4GB Dual SIM 4G Mobile Phone - Midnight",5616,128,XIAOMI,4GB
"realme Mobile C25Y Dual SIM, 128GB, 4GB RAM, 4G LTE- Metal Gray",5299,128,realme,4GB
"Samsung Galaxy A16 - 6.7"" 256GB/8GB Dual SIM 4G Mobile Phone - Black",10600,256,Samsung,8GB
realme C65 Dual SIM 4G 128GB/6GB Mobile Phone - Starlight Black,6900,128,realme,6GB
XIAOMI Redmi 13 - 256GB/8GB - Sandy Gold,7141,256,XIAOMI,8GB
"realme C63 - 6.7""  256GB/8GB Dual SIM 4G Mobile Phone - Jade Green",13000,256,realme,8GB
Samsung Galaxy A56 Dual SIM 5G 256GB/8GB - Awesome LightGray,22632,256,Samsung,8GB
"XIAOMI Redmi 14C - 6.8"" 128GB/6GB Dual SIM 4G Mobile Phone - Blue",6264,128,XIAOMI,6GB
Samsung A36 Galaxy 8GB - 128GB - 5G Black,15390,128,Samsung,8GB
"XIAOMI Redmi Note 14 Dual SIM, 128GB, 6GB RAM, 4G LTE - Midnight Black",9075,128,XIAOMI,6GB
XIAOMI Redmi 14C - 6.88 Inch 256GB-8GB Dual SIM 4G Mobile Phone- Midnight Black,6949,256,XIAOMI,8GB
Infinix Smart 9 - 6.7 Inch - Dual SIM Mobile Phone 4G 128GB/4GB - Neo Titanium,4590,128,Infinix,4GB
"Samsung Galaxy A36 Dual SIM, 128GB, 8GB RAM, 5G - Awesome Lime",15699,128,Samsung,8GB
XIAOMI Redmi 13 - 6.79-inch 128GB/8GB Dual SIM Mobile Phone - Gold,7000,128,XIAOMI,8GB
Samsung Galaxy A36 Dual SIM 5G 256GB/8GB Mobile Phone - Awesome White,16749,256,Samsung,8GB
"Samsung Galaxy A36 Dual SIM, 256GB, 8GB RAM, 5G - Awesome Lavender",17590,256,Samsung,8GB
"Apple IPhone 15 - 6.1"" 128GB/6GB Dual SIM 5G Mobile Phone (Without Facetime) - Black",44820,128,Apple,6GB
Vivo Y28 - 6.64-inch 8GB/128GB Dual Sim 4G Mobile Phone - Agate Green,7890,64,Vivo,8GB
"realme 14 Pro Dual SIM, 256GB, 12GB RAM, 5G - Pearl White",21310,256,realme,12GB
"Samsung Galaxy A56 Dual SIM, 256GB, 8GB RAM, 5G - Awesome Pink",23340,256,Samsung,8GB
OPPO A3 Dual SIM 4G 256GB/8GB Mobile Phone - Sparkle Black,9630,256,OPPO,8GB
XIAOMI Redmi Note 14 - Dual SIM 4G 128GB/8GB Mobile Phone - Midnight Black,9330,128,XIAOMI,8GB
Samsung Galaxy S24 FE Mobile Phone – Dual SIM – 5G – 256GB – 8GB RAM – Gray,33999,256,Samsung,8GB
Vivo V50 Lite Dual SIM 5G 256GB/12GB - Gold,15258,256,Vivo,12GB
Iku A6 2022- Dual Sim Gold 1GB RAM 32GB 3G- GOLD- IKU +Free Mobile Holder,3444,32,,1GB
"ZTE Blade A55 Dual SIM, 128GB, 4GB RAM, 4G LTE - Starry Black",4510,128,ZTE,4GB
XIAOMI Redmi A3 Dual SIM 4G 64GB/3GB - Star Blue,4100,64,XIAOMI,3GB
realme C67 - Dual SIM 4G 256GB/8GB Mobile Phone - Sunny Oasis,9440,256,realme,8GB
Honor 200 - 6.7-inch 12GB/512GB Dual Sim 5G Mobile Phone - Green,24020,512,Honor,12GB
Samsung Galaxy A56 Dual SIM 5G 128GB/8GB Mobile Phone - Awesome Graphite,21430,128,Samsung,8GB
"OPPO Reno 13F - 6.67"" 256GB/8GB Dual SIM 4G Phone Mobile - Plume Purple",14880,256,OPPO,8GB
Honor Magic 7 Pro 5G Dual SIM Mobile Phone 512GB/12GB - Black - Free Choice 2i Black Smartwatch - Free x7 Lite Earbuds White,53375,512,Honor,12GB
"Samsung Galaxy A26 Dual SIM, 256GB, 8GB RAM, 5G - Peach Pink",14210,256,Samsung,8GB
Honor Magic 7 Pro Dual SIM 5G 512GB/12GB - Breeze Blue,54130,512,Honor,12GB
Nothing 3A Pro - Dual SIM 5G 256GB/12GB Mobile Phone – Black,39999,256,Nothing,12GB
XIAOMI Redmi A3 Dual SIM 4G 128GB/4GB Mobile Phone - Star Blue,4740,128,XIAOMI,4GB
Nothing 3A - Dual SIM 5G 256GB/12GB Mobile Phone - White + Free CMF Buds Pro - Dark Grey,30666,256,Nothing,12GB
Samsung Galaxy A16 Dual SIM 4G 128GB/4GB Mobile Phone - Black 6.7 Inch,7209,128,Samsung,4GB
realme C61 – 6.74 Inch - 128GB/6GB RAM - 4G - Dual SIM Mobile Phone - Sparkle Gold,6590,128,realme,6GB
XIAOMI Redmi Note 14 - Dual SIM 4G 128GB/8GB Mobile Phone - Lime Green,9330,128,XIAOMI,8GB
Vivo Y29 Dual SIM 8GB 256GB RAM 4G LTE - Brown,9234,256,Vivo,8GB
"XIAOMI Redmi Note 14 Pro Plus 5G - 256GB/12GB, 6.67 Inch -  LAVENDER PURPLE",23004,256,XIAOMI,12GB
XIAOMI Redmi Note 14 Mobile Phone - 6.7 Inches - Dual SIM 4G 128GB/8GB - Green,9180,128,XIAOMI,8GB
Honor X9c Smart Dual SIM 4G 256GB/12GB Mobile Phone - Ocean Cyan,13980,256,Honor,12GB
Apple IPhone 15   Single SIM 5G 128GB/6GB - Pink - Not Including Customs Tax -,36444,128,Apple,6GB
XIAOMI Redmi Note 14 Pro Dual SIM 4G 256GB/8GB Mobile Phone - Aurora Purple,14320,256,XIAOMI,8GB
"XIAOMI Redmi Note 14 Pro Plus Dual SIM, 256GB, 12GB RAM, 5G - Midnight Black",22954,256,XIAOMI,12GB
Infinix Smart 9 Dual SIM 4G 64GB/3GB Mobile Phone - Mint Green,3830,64,Infinix,3GB
"XIAOMI Redmi Note 12 Dual SIM, 6GB RAM, 128GB ROM",8240,128,XIAOMI,6GB
"realme C75X Dual SIM, 256GB, 8GB RAM, 4G LTE - Coral Pink",9130,256,realme,8GB
realme C75x - 6.72 Inch-6GB-128GB RAM Dual SIM 4G Mobile Phone - Oceanic Blue,7690,128,realme,6GB
"Huawei Nova 13 Pro Dual SIM, 512GB, 12GB RAM, 4G LTE - Black",33490,512,Huawei,12GB
realme C75 - 6.7 Inch 128GB/8GB 4G Mobile Phone - Lightning Gold,8490,128,realme,8GB
"Samsung Galaxy A26 Dual SIM, 256GB, 8GB RAM, 5G - White",14210,256,Samsung,8GB
Samsung Galaxy A06 Dual SIM 4G 64GB/4GB - Gold,4631,64,Samsung,4GB
realme Note 60x - 6.74 Inch 64GB-3GB Dual SIM 4G Mobile Phone - Green,4563,64,realme,3GB
Apple IPad 2022 (10th Generation)10.9 Inch 256GB/4GB (Wifi Only) - Blue,23999,256,Apple,4GB
"Honor X6c Dual SIM, 128GB, 6GB RAM, 4G LTE - Moonlight White",5890,128,Honor,6GB
Nothing 3A - Dual SIM 5G 256GB/12GB Mobile Phone – Blue,30666,256,Nothing,12GB
Motorola Edge 50 Fusion Dual SIM 5G 512GB/12GB - Marshmallow Blue,200000,512,Motorola,12GB
Samsung Galaxy A36 Dual SIM 5G 256GB/8GB Mobile Phone - Awesome Black,16749,256,Samsung,8GB
"Vivo Y29 Dual SIM, 256GB, 8GB RAM, 4G LTE - Noble Brown",9230,256,Vivo,8GB
XIAOMI Redmi A5 Dual SIM 4G 128GB/4GB - Sandy Gold,5105,128,XIAOMI,4GB
Vivo V50 Dual SIM 5G 256GB/12GB  Mobile Phone - Titanium Grey,26160,256,Vivo,12GB
Samsung Galaxy A15 - 6.5 Inches – 8GB/256GB ROM – 4G – Dual SIM Mobile Phone – Yellow,8649,256,Samsung,8GB
Infinix Hot 50 Dual SIM 4G 256GB/8GB Mobile Phone - Sage Green,7310,256,Infinix,8GB
XIAOMI Redmi Note 12 Dual SIM 4G 128GB/8GB - Sunrise Gold,8499,128,XIAOMI,8GB
Samsung Galaxy A36 Dual SIM 5G 128GB/8GB Mobile Phone - Awesome White,16010,128,Samsung,8GB
"Motorola Moto G35 Dual SIM, 256GB, 8GB RAM, 5G - Black",7475,256,Motorola,8GB
Samsung Galaxy A06 Mobile - 6.7 Inch - 128GB/4GB RAM - 4G Dual SIM - Black,5490,128,Samsung,4GB
OPPO A5 Pro Dual SIM 4G 256GB/8GB Mobile Phone - Olive Green,12170,256,OPPO,8GB
XIAOMI Redmi 13 - 6.79-inch 128GB/8GB Dual SIM Mobile Phone - Midnight Black,7000,128,XIAOMI,8GB
"Infinix Hot 50 Dual SIM, 256GB, 8GB RAM, 4G LTE - Sleek Black",7310,256,Infinix,8GB
"realme C75X Dual SIM, 128GB, 6GB RAM, 4G LTE - Coral Pink",7610,128,realme,6GB
Infinix Hot 50 Dual SIM 4G 256GB/8GB Mobile Phone - Titanium Grey,7310,256,Infinix,8GB
"XIAOMI  REDMI 13-  8GB RAM +256 GB Internal Storage , lcd 6.79 inch , camera 108 mp, Sandy gold",7495,256,XIAOMI,8GB
Infinix Smart 6 Plus 3GB RAM 64GB ROM - Miracle Blue,4500,64,Infinix,3GB
"ZTE Nubia V60 Dual SIM, 256GB, 6GB RAM, 4G LTE - Sunrise Violet",6540,256,ZTE,6GB
"realme Mobile C75 8GB Ram, 128GB - Storm Black",8483,128,realme,8GB
Apple iPhone 16  Single SIM 5G 128GB/8GB - Teal - Not including customs tax,41333,128,Apple,8GB
"realme Note 60x Dual SIM, 128GB, 4GB RAM, 4G LTE - Marble Black",5200,128,realme,4GB
"realme Mobile C61 Dual SIM, 128GB, 4GB RAM, 4G LTE - Dark Green",5700,128,realme,4GB
"Honor X6c Dual SIM, 128GB, 6GB RAM, 4G LTE - Midnight Black",5890,128,Honor,6GB
"XIAOMI POCO X7 Pro Dual SIM , 512GB , 12GB RAM, 5G - Green",17799,512,XIAOMI,12GB
realme C75x - 6.72 Inch-8GB-256GB RAM Dual SIM 4G Mobile Phone - Oceanic Blue,9190,256,realme,8GB
OPPO A5 Pro Dual SIM 4G 256GB/8GB Mobile Phone - Mocha Brown,12170,256,OPPO,8GB
OPPO A3 - Dual SIM 4G 128GB/6GB Mobile Phone - Starlight White,8110,128,OPPO,6GB
Samsung Galaxy A36 Dual SIM 5G 256GB/8GB - Awesome White,17611,256,Samsung,8GB
Vivo Y04 128GB 4GB Ram 4G Dual SIM  Dark Green,5562,128,Vivo,4GB
Apple iPhone 16  Single SIM 5G 128GB/8GB - Black - Not including customs tax,41333,128,Apple,8GB
OPPO A5 8GB RAM 256GB ROM - AURORA GREEN,10199,256,OPPO,8GB
Samsung Galaxy A26 Dual SIM 5G 256GB/8GB - White,14237,256,Samsung,8GB
"Samsung Galaxy A05s Dual SIM, 128GB, 6GB RAM, 4G LTE - Silver",5895,128,Samsung,6GB
Motorola G35 8G 256G GUAVA RED,7575,256,Motorola,8
"ZTE Nubia Neo 2 Dual SIM, 256GB, 8GB RAM, 5G - Sunfire Yellow",11160,256,ZTE,8GB
XIAOMI Redmi A3x Dual SIM 4G 128GB/4GB Mobile Phone - Moonlight White,4740,128,XIAOMI,4GB
"realme Mobile C61 Dual SIM, 128GB, 6GB RAM, 4G LTE - Dark Green",6100,128,realme,6GB
Samsung Galaxy A06 - 6.7-inch 6GB/128GB Dual Sim 4G - Mobile Phone - Gold,6090,128,Samsung,6GB
Motorola Moto G35 - 6.72-inch 256GB/8GB Dual SIM 5G Mobile Phone - Guava Red,7560,256,Motorola,8GB
Samsung Galaxy A36 Dual SIM 5G 256GB/8GB Mobile Phone - Awesome Lime,16749,256,Samsung,8GB
XIAOMI Mi 11 Lite- 8GB RAM - 256GB - Truffle Black Black.,13499,256,XIAOMI,8GB
Vivo Y19s Dual SIM 128GB/6GB Mobile Phone - Silver 6.5 Inch,6696,128,Vivo,6GB
"OPPO Reno13 F Dual SIM, 256GB, 8GB RAM, 4G LTE - Graphite Grey",14525,256,OPPO,8GB
Vivo Y29 Dual-SIM 4G 256GB/8GB Mobile Phone 6.51 Inches - Elegant White,9540,256,Vivo,8GB
"Vivo Y29 Dual SIM, 128GB, 8GB RAM, 4G LTE - Noble Brown",8040,128,Vivo,8GB
Samsung Galaxy A05 - 6.5-inch 6GB/128GB Dual Sim 4G Mobile Phone -  Light Green,7280,128,Samsung,6GB
"Infinix Hot 50i Dual SIM, 256GB, 4GB RAM, 4G LTE - Sage Green",5530,256,Infinix,4GB
Vivo V50 Lite Dual SIM 4G 128GB/8GB  Mobile Phone - Gold,11950,128,Vivo,8GB
"realme Note 60 Dual SIM, 128GB, 4GB RAM, 4G LTE - Marble Black",5475,128,realme,4GB
"Infinix Hot 50i Dual SIM, 256GB, 4GB RAM, 4G LTE - Titanium Grey",5530,256,Infinix,4GB
XIAOMI Redmi Note 14 Pro Mobile Phone - 6.7 Inches - Dual SIM 4G 256GB/12GB -Midnight Black,14364,256,XIAOMI,12GB
Samsung Galaxy A05s - 6.5-inch 6GB/128GB Dual Sim 4G Mobile Phone - Light Violet,6150,128,Samsung,6GB
Itel A80 - Dual SIM 4G - 128 Rom  4ram +(4extended )Battery 5000   Lcd 6.7-50mp- wave blue,4450,128,Itel,8
Vivo V50 Lite Dual SIM 5G 256GB/12GB  Mobile Phone - Titanium Gold,16010,256,Vivo,12GB
Hmd Skyline Dual SIM 5G 256GB/12GB Mobile Phone - Twisted Black,16350,256,Hmd,12GB
realme C75 Dual-SIM 4G 128GB/8GB Mobile Phone 6.7 Inches - Lightning Gold,8630,128,realme,8GB
"Samsung Galaxy A56 Dual SIM, 128GB, 8GB RAM, 5G- AWESOME GRAPHITE",20825,128,Samsung,8GB
realme C63 - 6.75 Inch 256GB-8GB Dual SIM 4G Mobile Phone - Leather Blue,7506,256,realme,8GB
Vivo Y29 Dual SIM 128GB 8GB RAM 4G LTE - White,8424,128,Vivo,8GB
"Samsung Galaxy A56 Dual SIM, 256GB, 8GB RAM, 5G - Awesome Light Gray",23340,256,Samsung,8GB
Infinix Hot 50i Dual SIM 4G 256GB/8GB Mobile Phone - Sleek Black,5980,256,Infinix,8GB
Vivo Y29 Dual SIM 4G 128GB/8GB - Brown,8041,128,Vivo,8GB
XIAOMI Redmi 13 8GB RAM 256GB ROM 4G Dual SIM Midnight Black,7501,256,XIAOMI,8GB
OPPO A3 - 6GB RAM - 128GB - 50mp -lcd 6.67 inch Sparkle Black (Official Warranty),8150,128,OPPO,6GB
Honor X5b Plus Dual SIM 4G 128GB/4GB - Ocean Blue,4421,128,Honor,4GB
"Honor X7a Mobile Phone With 4GB RAM And 128GB Internal Memory - Blue, Honor",6799,128,Honor,4GB
Hmd Pulse Pro Dual SIM 4G 256GB/8GB Mobile Phone - Glacier Green,6200,256,Hmd,8GB
Infinix Hot 50i Dual SIM 4G 256B/8GB Mobile Phone - Titanium Grey,5980,256,Infinix,8GB
Vivo Y29 Dual-SIM 4G 128GB/8GB Mobile Phone 6.51 Inches - Elegant White,8520,128,Vivo,8GB
Infinix Smart 8 4GB RAM-64GB ROM-SHINY GOLD,3629,64,Infinix,4GB
Vivo Y02t - 6.51-inch 4GB/64GB Dual Sim 4G Mobile Phone - Cosmic Grey,4740,64,Vivo,4GB
"realme C61 - 6.7"" 128GB/4GB Dual SIM 4G Mobile Phone - Dark Green",6048,128,realme,4GB
XIAOMI Redmi Note 14 Pro Dual SIM 4G 512GB/12GB Mobile Phone - Ocean Blue,17370,512,XIAOMI,12GB
Samsung A36 Galaxy 8GB - 128GB - 5G Awesome Lime,15390,128,Samsung,8GB
"Samsung Galaxy A04s Dual SIM, 32GB, 3GB RAM, 4G LTE - Copper",4740,32,Samsung,32GB
Itel A50 Dual SIM 4G 128GB/3GB - Misty Black,4000,128,Itel,3GB
"Samsung Galaxy M55 Dual SIM, 128GB, 8GB RAM, 5G - Black",16240,128,Samsung,8GB
Apple iPhone 16  Single SIM 5G 128GB/8GB - White - Not including customs tax,41333,128,Apple,8GB
Samsung Galaxy A26 Dual SIM 5G 256GB/8GB Mobile Phone - Black,14210,256,Samsung,8GB
"XIAOMI Redmi Note 14 Pro Plus 5G - 256GB/12GB, 6.67 Inch -  Blue",23004,256,XIAOMI,12GB
Infinix Smart 9 4G Dual SIM Mobile Phone 128GB/4GB - Sandstone Gold,4295,128,Infinix,4GB
"OPPO A5 4G,  8G Ram 256 Capacity , Dual SIM , Green",9800,256,OPPO,8
Samsung Galaxy Tablet Tab A9 Single SIM 4G 128GB/8GB - Navy,9022,128,Samsung,8GB
"Huawei Nova 13 Dual SIM, 256GB, 12GB RAM, 4G LTE - Green",23340,256,Huawei,12GB
Samsung Galaxy A36 Dual SIM 5G 256GB/8GB - Awesome Black,17611,256,Samsung,8GB
Vivo Y19s Dual SIM 128GB/6GB Mobile Phone - Glacier Blue 6.5 Inch,6696,128,Vivo,6GB
Honor X9c Dual SIM 4G 256GB/12GB Mobile Phone - Jade Cyan,17930,256,Honor,12GB
Nothing 3A - Dual SIM 5G 256GB/12GB Mobile Phone – White,30666,256,Nothing,12GB
XIAOMI Redmi Note 14 Pro+ Dual SIM 5G 512GB/12GB Mobile Phone - Frost Blue,23910,512,XIAOMI,12GB
Infinix Smart 9 - 6.7 Inch - Dual SIM Mobile Phone 4G 128GB/4GB - Metallic Black,4590,128,Infinix,4GB
Vivo Y04 128GB 4GB Ram 4G Dual SIM  Gold,5562,128,Vivo,4GB
realme C75 - 6.72 Inch-8GB-256GB RAM Dual SIM 4G Mobile Phone - Storm Black,9990,256,realme,8GB
"XIAOMI Redmi Note 14 Pro Plus Dual SIM, 512GB, 12GB RAM, 5G - Lavender Purple",23910,512,XIAOMI,12GB
Infinix Smart 9 Dual SIM 4G 64GB/3GB Mobile Phone - Sandstone Gold,3830,64,Infinix,3GB
Samsung Galaxy Tablet Tab A9 Single SIM 4G 128GB/8GB - Graphite,9022,128,Samsung,8GB
"XIAOMI Redmi Note 14 Pro - 512GB/12GB, 6.67 Inch - Ocean Blue_4G",17604,512,XIAOMI,12GB
Infinix Smart 9 - 6.7 Inch - Dual SIM Mobile Phone 4G 128GB/4GB - Sandstone Gold,4590,128,Infinix,4GB
Infinix Smart 8 - 6.6-Inch 64GB- 8GB (4+4GB RAM) - Crystal Green + Free Mobile Holder,5300,64,Infinix,8GB
"XIAOMI Redmi Note 14 - 256GB/8GB, 6.67 Inch - Midnight Black",10403,256,XIAOMI,8GB
Poco   C75 8/256GB -Black,7999,256,Poco,8
Infinix Hot 50i Dual SIM 4G 128GB/6GB - Sleek Black,5440,128,Infinix,6GB
Itel A70 Dual SIM 4G 128GB/4GB - Field Green,4263,128,Itel,4GB
Vivo V50 12GR-256GB BLACK,25375,256,Vivo,12
Infinix Hot 50i Dual SIM 4G 128GB/6GB Mobile Phone - Sleek Black,5190,128,Infinix,6GB
Honor X9c Smart Dual SIM 4G 256GB/12GB Mobile Phone - Moonlight White,13980,256,Honor,12GB
"realme C65 4G Mobile Phone, 8GB RAM, 256GB Storage, Dual SIM Slot, 50MP AI Camera, Fast Charging, 45W Powerful 5000mAh Battery - Starlight Black",7999,256,realme,8GB
realme Note 60x Dual SIM 4G 64GB/3GB Mobile Phone - Marble Black,4670,64,realme,3GB
"realme C75 256GB/8GB- 6.72""  Dual SIM 4G Mobile Phone - Black",9882,256,realme,8GB
"Vivo Mobile Y29 Dual SIM , 128GB Memory, 8GB RAM, 4G , White",8455,128,Vivo,8GB
Infinix Smart 9 4G Dual SIM Mobile Phone 128GB/4GB - Metallic Black,4295,128,Infinix,4GB
realme C61 - 6.7 Inch 128GB/4GB 4G Mobile Phone -Sparkle Gold,5775,128,realme,4GB
Itel A70 Dual SIM 4G 128GB/4GB - Starlish Black,4263,128,Itel,4GB
"XIAOMI Redmi Note 14 Pro - 512GB/12GB, 6.67 Inch - BLACK_4G",17604,512,XIAOMI,12GB
"Vivo Mobile Y29 Dual SIM , 256GB Memory, 8GB RAM, 4G , WHITE",9460,256,Vivo,8GB
Itel Hot50i Dual SIM Sleek Black 6 GB RAM 128GB 4G - Middle East Version,5070,128,Itel,6
Samsung Galaxy A05s Dual SIM 4G 128GB/6GB - Black,6163,128,Samsung,6GB
realme C65 Dual SIM 4G 128GB/6GB Mobile Phone - Starlight Gold,6900,128,realme,6GB
"Infinix Xpad X1101B Tablet 11 Inch, 256GB, 8GB RAM, Wi-Fi Only - Stellar Grey",9470,256,Infinix,8GB
"XIAOMI Redmi Note 14 Pro Dual SIM, 512GB, 12GB RAM, 4G LTE - Midnight Black",17370,512,XIAOMI,12GB
XIAOMI Redmi 13 Dual SIM 4G 256GB/8GB - Midnight Black,7558,256,XIAOMI,8GB
"Samsung Galaxy A05s Dual SIM, 128 GB, 6 GB RAM, 4G LTE - Light Violet",6230,128,Samsung,6
XIAOMI REDMI A2+ 3GB RAM 64GB ROM BLACK,4700,64,XIAOMI,3GB
Samsung Galaxy A06 Dual SIM 4G 128GB/4GB -  Black,5508,128,Samsung,4GB
"realme Note 50 Dual SIM, 128GB, 4GB RAM, 4G LTE - Midnight Black",5750,128,realme,4GB
"realme Note 60x Dual SIM, 64GB, 3GB RAM, 4G LTE - Marble Black",4560,64,realme,3GB
"realme Note 60 Dual SIM, 256GB, 4GB RAM, 4G LTE - Voyage Blue",6400,256,realme,4GB
Motorola G85 - 6.6 Inch 256GB/12GB Dual SIM 5G Mobile Phone - Urban Grey,13932,256,Motorola,12GB
"realme Note 50 Dual SIM, 128GB, 4GB RAM, 4G LTE - Sky Blue",5750,128,realme,4GB
Infinix HOT40 I - 6.6-Inch 128GB - 8GB (4+4GB RAM) - Palm Blue + Free Mobile Holder,6200,128,Infinix,8GB
XIAOMI Redmi A3x Dual SIM 4G 128GB/4GBMobile Phone - Midnight Black,4740,128,XIAOMI,4GB
XIAOMI Redmi 13 - 6.79-inch 256GB/8GB Dual SIM Mobile Phone - Ocean Blue,7444,256,XIAOMI,8GB
Samsung Galaxy A36 Dual SIM 5G 256GB/8GB Mobile Phone - Awesome Black,17590,256,Samsung,8GB
Infinix Hot 50 - 6.7 Inch 256GB/8GB Dual SIM 4G Mobile Phone - Sage Green,6799,256,Infinix,8GB
XIAOMI Redmi A5 Dual SIM 4G 64GB/4GB - Midnight Black,4489,64,XIAOMI,4GB
Infinix Smart 8 - 6.6 Inch 64GB/2GBDual SIM 4G Mobile Phone - CRYSTAL Green,3555,64,Infinix,2GB
Motorola Edge 50 Fusion - 512GB/12GB - Hot Pink,18680,512,Motorola,12GB
Samsung Galaxy A06 Dual SIM 4G 128GB/4GB-  Light Blue,5508,128,Samsung,4GB
Infinix Hot 50 - 6.7 Inch 256GB/8GB+8GB Dual SIM 4G Mobile Phone - Titanium Grey,6799,256,Infinix,8GB
XIAOMI Redmi 12C - 6.71-inch 4GB/128GB Dual Sim 4G Mobile Phone - Graphite Gray,5999,128,XIAOMI,4GB
Vivo V50 Lite Dual SIM 4G 256GB/8GB  Mobile Phone - Gold,12970,256,Vivo,8GB
Samsung Galaxy A36 Dual SIM 5G 128GB/8GB Mobile Phone - Awesome Black,16010,128,Samsung,8GB
"realme 14 Pro Dual SIM, 256GB, 12GB RAM, 5G - Pearl White",21305,256,realme,12GB
Vivo V50 Lite Dual SIM 5G 256GB/12GB - Black,15258,256,Vivo,12GB
Nothing 3A - Dual SIM 5G 128GB/8GB Mobile Phone - White + Free CMF Buds Pro - Dark Grey,23666,128,Nothing,8GB
"realme Mobile C21Y Dual SIM 64GB, 4GB RAM, 4G LTE, Cross Blue",5099,64,realme,4GB
"Honor X9c Dual SIM, 256GB, 12GB RAM, 5G - Titanium Black",17930,256,Honor,12GB
XIAOMI Redmi A5 Dual SIM 4G 128GB/4GB - Midnight Black,5105,128,XIAOMI,4GB
"Samsung Galaxy A56 Dual SIM, 256GB, 8GB RAM, 5G - Awesome Graphite",23340,256,Samsung,8GB
Samsung Galaxy A16 Dual SIM 4G 256GB/8GB - Black,9356,256,Samsung,8GB
"Samsung Galaxy A36 Dual SIM, 128GB, 8GB RAM, 5G - Awesome Lime",16010,128,Samsung,8GB
"realme Mobile C21Y Dual SIM 64GB, 4GB RAM, 4G LTE, Cross Black",5000,64,realme,4GB
"Samsung Galaxy A36 5G - Awesome Lavender, 8GB, 128GB",15375,128,Samsung,8GB
XIAOMI Redmi Note 14 Pro+ Dual SIM 5G 512GB/12GB Mobile Phone - Midnight Black,23910,512,XIAOMI,12GB
"Motorola Moto G35 Dual SIM, 256GB, 8GB RAM, 5G - Leaf Green",7500,256,Motorola,8GB
Samsung A26 Galaxy 6GB - 128GB - 5G  White,11529,128,Samsung,6GB
Infinix Smart 9 Dual SIM 4G 128GB/4GB Mobile Phone - Mint Green,4510,128,Infinix,4GB
XIAOMI Redmi Poco C75 Dual SIM 4G 256GB/8GB - Black,6432,256,XIAOMI,8GB
CAT S62 Pro Dual Sim Black 6GB RAM 128GB 4G LTE,45000,128,CAT,6GB
Vivo Y02t - 6.51-inch 4GB/64GB Dual Sim 4G Mobile Phone - Cosmic Blue,4740,64,Vivo,4GB
XIAOMI Redmi A3X - 128GB/4GB - Moonlight Green,5999,128,XIAOMI,4GB
Samsung   Galaxy-A16 6+128 Black,8599,128,Samsung,6
XIAOMI Redmi Note 14 Pro Dual SIM 4G 256GB/8GB Mobile Phone - Midnight Black,14320,256,XIAOMI,8GB
Honor Magic 7 Pro Dual SIM 5G 512GB/12GB Mobile Phone - Lunar Shadow Grey,54130,512,Honor,12GB
"realme C75 128GB/8GB- 6.72""  Dual SIM 4G Mobile Phone - Gold",8424,128,realme,8GB
Infinix Smart 9 . 6.7 Inche 4GB RAM 128GB Dual SIM 4G -Metallic Black,4702,128,Infinix,4GB
Infinix Hot 50i Dual SIM 4G 256GB/8GB - Sage Green,6154,256,Infinix,8GB
"OPPO A3 - 6.6"" 128GB/6GB Dual SIM 4G Mobile Phone - Sparkle Black",8046,128,OPPO,6GB
Infinix Hot 50 Dual SIM 4G 256GB/8GB - Sleek Black,7275,256,Infinix,8GB
Nothing 3A - Dual SIM 5G 256GB/12GB Mobile Phone – Black,30666,256,Nothing,12GB
"Vivo Mobile Y04 Dual SIM, 64GB, 4GB RAM, 4G LTE - Dark Green",5035,64,Vivo,4GB
XIAOMI Redmi Note 14 Pro Mobile Phone - 6.7 Inches - Dual SIM 4G256GB/8GB -ocean Blue,14364,256,XIAOMI,8GB
Honor X8c Dual SIM 4G 256GB/8GB - Moonlight White,12070,256,Honor,8GB
Vivo Y29 Dual SIM 4G 256GB/8GB - White,9021,256,Vivo,8GB
Vivo V50 LITE 8GR-256GB Gold,12592,256,Vivo,8
"Samsung Galaxy A16 - 6.7""Inches-256GB-8GB Ram-4G Double Sim Mobile –Gary",9790,256,Samsung,8GB
Infinix Hot 50i Dual SIM 4G 256GB/8GB Mobile Phone - Sage Green,5980,256,Infinix,8GB
"Vivo Y29 Dual SIM, 256GB, 8GB RAM, 4G LTE - Elegant White",9020,256,Vivo,8GB
XIAOMI Redmi 13 - 6.79-inch 128GB/8GB Dual SIM Mobile Phone - Ocean Blue,7000,128,XIAOMI,8GB
"Honor X9c - 6.7"" 256GB/12GB Dual SIM 5G Mobile Phone - Titanium Black",18198,256,Honor,12GB
"Samsung Galaxy A16- 6.5-inch 6ram / 128 GB ,  Dual Sim 4G Mobile Phone -  gray",8090,128,Samsung,6
"Vivo Mobile Y29 Dual SIM , 256GB Memory, 8GB RAM, 4G , BROWN",9460,256,Vivo,8GB
Samsung Galaxy A36 Dual SIM 5G 128GB/8GB - Awesome Black,15926,128,Samsung,8GB
Samsung Galaxy A06 Dual SIM 4G 128GB/4GB - Gold,5508,128,Samsung,4GB
Hmd Skyline Dual SIM 5G 256GB/12GB Mobile Phone - Blue Topaz,16350,256,Hmd,12GB
"realme C75 128GB/8GB- 6.72""  Dual SIM 4G Mobile Phone - Black",8424,128,realme,8GB
"Hmd Skyline Single SIM, 256GB, 12GB RAM, 5G - Neon Pink",16350,256,Hmd,12GB
"Samsung Galaxy A56 Dual SIM, 256GB, 8GB RAM, 5G - Light Grey",22630,256,Samsung,8GB
"Infinix Xpad X1101B Tablet 11 Inch, 128GB, 4GB RAM, Wi-Fi Only - Stellar Grey",7670,128,Infinix,4GB
"XIAOMI Redmi Note 14 Pro Dual SIM, 512GB, 12GB RAM, 4G LTE - Purple",17370,512,XIAOMI,12GB
"Honor X9C, 256GB, 12GB RAM, 4G LTE, Dual SIM",18199,256,Honor,12GB
"Samsung Galaxy M55 Dual SIM, 256GB, 8GB RAM, 5G - Black",18270,256,Samsung,8GB
Samsung Galaxy A06 - 6.7-inch 128/4 ram GB Dual Sim 4G Mobile Phone - black,5529,128,Samsung,4
realme Note 60x Dual SIM 4G 64GB/3GB Mobile Phone - Wilderness Green,4670,64,realme,3GB
Hmd Pulse Pro Dual SIM 4G 256GB/8GB Mobile Phone - Black Ocean,6200,256,Hmd,8GB
Infinix Hot 50i - 6.7 Inch - Dual SIM Mobile Phone 4G 128GB/6GB - Sage Green,5211,128,Infinix,6GB
realme C75 - 6.7 Inch 256GB/8GB 4G Mobile Phone - Lightning Gold,10085,256,realme,8GB
"ZTE Blade A55 Dual SIM, 128GB, 4GB RAM, 4G LTE - Water Blue",4510,128,ZTE,4GB
Vivo V50 Lite Dual SIM 5G 256GB/12GB  Mobile Phone - Black,16010,256,Vivo,12GB
Itel P40 - Dual SIM 4G - 8ram (4+4) / 128 Rom -Battery 6000-   Lcd 6.6-Dreamy Blue,5550,128,Itel,8
"OPPO A3 Dual SIM, 128GB, 6GB RAM, 4G LTE - Starlight White",8110,128,OPPO,6GB
XIAOMI Redmi Note 14 Dual SIM 4G 128GB/8GB - Midnight Black,9395,128,XIAOMI,8GB
"Samsung Galaxy A16 Dual SIM, 128GB, 6GB RAM, 4G LTE - Grey",7935,128,Samsung,6GB
Vivo V50 Dual SIM 5G 256GB/12GB - Titanium Grey,23711,256,Vivo,12GB
XIAOMI 12 - 6.79 Inch Dual SIM 4G 256GB/8GB - Mobile Phone- Polar Silver,8690,256,XIAOMI,8GB
realme Note 60x 4G Dual SIM Wilderness Green 3GB RAM 64GB - Middle East Version,4799,64,realme,3GB
"realme Note 60 Dual SIM, 256GB, 4GB RAM,4G LTE -MARBLE BLACK",6400,256,realme,4GB
Infinix   Hot 50I X6531 256+8 Sleek Black,6299,256,Infinix,8
realme Note 60x - 6.74 Inch 64GB-3GB Dual SIM 4G Mobile Phone - Marble Black,4563,64,realme,3GB
Samsung Galaxy A05 - 6.5-inch 6GB/128GB Dual Sim 4G Mobile Phone - Black,7280,128,Samsung,6GB
Honor X8c Dual SIM 4G 512GB/8GB Mobile Phone - Marrs Green,13760,512,Honor,8GB
Samsung Galaxy A06 Dual SIM 4G 128GB/6GB - Gold,5994,128,Samsung,6GB
Motorola G85 - 6.6 Inch 256GB/12GB Dual SIM 5G Mobile Phone - Olive Green,13932,256,Motorola,12GB
Nothing 3A - Dual SIM 5G 128GB/8GB Mobile Phone – Black,23666,128,Nothing,8GB
"realme Note 60 Dual SIM, 128GB, 4GB RAM, 4G LTE - Voyage Blue",5475,128,realme,4GB
"Samsung Galaxy A06 Dual SIM, 128GB, 6GB RAM, 4G LTE - Black",5805,128,Samsung,6GB
realme C61 Dual SIM 4G 128GB/4GB Mobile Phone - Dark Green,5780,128,realme,4GB
XIAOMI Redmi 12C - 6.71-inch - 6GB/128GB Dual Sided 4G Mobile Phone - Gray.,6500,128,XIAOMI,6GB
Infinix Smart 8 - 6.6-Inch 64GB- 8GB (4+4GB RAM) - SHINY GOLD + Free Mobile Holder,5300,64,Infinix,8GB
Samsung A36 5G 8GB-128GB BLACK,16510,128,Samsung,8GB
"Motorola Moto G85 Dual SIM, 256GB, 12GB RAM, 5G - Urban Grey",13300,256,Motorola,12GB
"Huawei Nova 13 Dual SIM, 256GB, 12GB RAM, 4G LTE - Black",23340,256,Huawei,12GB
Motorola G85 - 6.6 Inch 256GB/12GB Dual SIM 5G Mobile Phone - Cobalt Blue,13932,256,Motorola,12GB
Iku A10s Dual Camera -64GB - 4GB RAM - 4G - Ultra White + Free Mobile Holder,4300,64,,4GB
"Samsung Galaxy A06 Dual SIM, 64GB, 4GB RAM, 4G LTE - Light Blue",4630,64,Samsung,4GB
"XIAOMI REDMI 14C-  12RAM (6GB+6 EXTENDED) /128GB Internal Storage Camera 50 Mp, Starry Blue",7749,128,XIAOMI,6GB
"XIAOMI Mobile Redmi 13 Dual SIM, 256GB, 8GB RAM, 4G LTE - Sandy Gold",8195,256,XIAOMI,8GB
"Motorola G85 5G, 12GB+12GB RAM, 256 GB ROM, Snapdragon 695 5G, 6.67"" POLED Display 120Hz, Android 14, Cobalt Blue",13300,256,Motorola,12GB
Infinix Smart 8 4GB RAM-64GB ROM-TIMBER BLACK,3550,64,Infinix,4GB
"XIAOMI A3, 64GB, 3GB, 4G LTE, Dual SIM- Star Blue",4540,64,XIAOMI,3GB
"Samsung Galaxy A36 Dual Sim , 128GB, 8GB Ram,Awesome Black , 5G",15699,128,Samsung,8GB
"XIAOMI Redmi 14C - 6.8"" 128GB/6GB Dual SIM 4G Mobile Phone - Midnight Black",6264,128,XIAOMI,6GB
"Honor  X9C, 256GB, 12GB RAM, 4G LTE, Dual SIM",18199,256,Honor,12GB
"realme C61 - 6.7"" 128GB/6GB Dual SIM 4G Mobile Phone -Gold",6237,128,realme,6GB
Infinix Smart 9 Dual SIM 4G 128GB/4GB Mobile Phone - Metallic Black,4510,128,Infinix,4GB
"Vivo   Y19s, 128GB, 6GB RAM, 4G LTE, Dual SIM - Silver",8099,128,Vivo,6GB
Samsung Galaxy S24 FE Mobile Phone – Dual SIM – 5G – 512GB – 8GB RAM – Gray,36999,512,Samsung,8GB
Samsung A36 5G 8GB-256GB LAVANDER,18525,256,Samsung,8GB
Nothing 3A - Dual SIM 5G 256GB/12GB Mobile Phone - Black + Free CMF Buds Pro - Dark Grey,30666,256,Nothing,12GB
"realme C75 4G Smartphone 8+256GB IP69 Dust And Water Resistant 5828mAh Battery With Longer Lifespan 6.72"" FHD Display Gold (No Adapter)",10249,256,realme,8
Vivo Y19s Dual SIM 128GB/4GB Mobile Phone - Silver 6.5 Inch,6102,128,Vivo,4GB
"Honor X8C, 256GB, 8GB RAM, 4G LTE, Dual SIM",11999,256,Honor,8GB
Apple IPhone 16 Single SIM 5G 128GB/8GB - 6.1 Inch Mobile Phone Ultra Marine,52920,128,Apple,8GB
Vivo Y19s Dual SIM 128GB/4GB Mobile Phone - Black 6.5 Inch,6102,128,Vivo,4GB
"realme C75, 256GB Case, 8GB RAM, 4G LTE, Dual SIM - Black",10249,256,realme,8GB
"Honor X8C, 256GB, 8GB RAM, 4G LTE, Dual SIM",11999,256,Honor,8GB
Samsung A36 5G 8GB-256GB WHITE,18525,256,Samsung,8GB
"OPPO A5 Pro Dual SIM, 256GB, 8GB RAM, 4G LTE - Mocha Brown",11770,256,OPPO,8GB
realme C65 - Dual SIM 4G 128GB/8GB Mobile Phone - Starlight Black,7180,128,realme,8GB
Infinix Smart 9 . 6.7 Inche 3+3GB RAM 64GB Dual SIM 4G -Mint Green,4599,64,Infinix,3GB
"XIAOMI Redmi 14C - 6.8"" 128GB/6GB Dual SIM 4G Mobile Phone - Green",6264,128,XIAOMI,6GB
Samsung Galaxy A06 Mobile - 6.7 Inch - 128GB - 6GB RAM - 4G Dual SIM - Gold,5980,128,Samsung,6GB
Samsung Galaxy A26 5G - 6GB RAM - 128GB - Peach Pink,11999,128,Samsung,6GB
"Infinix Hot 50i Dual SIM, 128GB, 6GB RAM, 4G LTE - Titanium Grey",5190,128,Infinix,6GB
Apple iPhone 16  Single SIM 5G 128GB/8GB - Ultramarine - Not including customs tax,41333,128,Apple,8GB
"Honor X6c Dual SIM, 256GB, 6GB RAM, 4G LTE - Midnight Black",6490,256,Honor,6GB
"realme C63 Dual SIM, 256 GB, 8 GB RAM, 4G LTE - Leather Blue",7410,256,realme,8
Vivo V50 Lite Dual SIM 4G 128GB/8GB  Mobile Phone - Green,11950,128,Vivo,8GB
Samsung Galaxy S24 FE Mobile Phone – Dual SIM – 5G – 512GB – 8GB RAM – Black,36999,512,Samsung,8GB
"XIAOMI Redmi 14C - 6.8"" 128GB/4GB Dual SIM 4G Mobile Phone - Saga Green",5616,128,XIAOMI,4GB
Samsung Galaxy A26 Dual SIM 5G 256GB/8GB - Black,14237,256,Samsung,8GB
Honor X8c Dual SIM 4G 256GB/8GB - Marrs Green,12070,256,Honor,8GB
"Samsung Galaxy A56 Dual SIM, 256GB, 8GB RAM, 5G - Awesome Graphite",23330,256,Samsung,8GB
Samsung Galaxy A36 Dual SIM 5G 256GB/8GB Mobile Phone - Awesome Lime,17590,256,Samsung,8GB
OPPO A5 8GB RAM 256GB ROM - MIST WHITE,10750,256,OPPO,8GB
XIAOMI Redmi 14c Dual SIM 4G 256GB/8GB - Midnight Black,6842,256,XIAOMI,8GB
Infinix Smart 9 . 6.7 Inche 3+3GB RAM 64GB Dual SIM 4G -Metallic Black,4599,64,Infinix,3GB
Vivo V50 Lite Dual SIM 4G 256GB/8GB  Mobile Phone - Green,12970,256,Vivo,8GB
"Hmd Pulse Pro, 256GB, 8GB, 4G, Dual SIM - Black Ocean",7289,256,Hmd,8GB
Vivo V50 Lite Dual SIM 5G 256GB/8GB -Green,12371,256,Vivo,8GB
Infinix Smart 9 Dual SIM 4G 128GB/4GB Mobile Phone - Neo Titanium,4510,128,Infinix,4GB
"Huawei Nova 13 Pro Dual SIM, 512GB, 12GB RAM, 4G LTE - Loedn Green",33490,512,Huawei,12GB
Infinix Smart 9 . 6.7 Inche 3+3GB RAM 64GB Dual SIM 4G - Neo Titanium,4599,64,Infinix,3GB
Samsung Galaxy A36 Mobile Phone – Dual SIM – 5G – 128GB – 8GB RAM – Awesome White,15099,128,Samsung,8GB
"Nothing CMF Phone 1 Dual SIM, 128GB, 8GB RAM, 5G - Black",14720,128,Nothing,8GB
"realme C65- 256 GB/  Ram 8 Gb -Lcd 6.67,  50MP Camera - Color starlight  Black  -ACTIV-(Global Version)",7750,256,realme,8
"realme C61 - 6.7"" 128GB/6GB Dual SIM 4G Mobile Phone -Dark Green",6237,128,realme,6GB
Infinix Hot 50i Dual SIM 4G 256GB/8GB - Titanium Grey,6154,256,Infinix,8GB
"XIAOMI Redmi Note 14 Pro, 6.67 Inch - 256GB/8GB - Ocean Blue",14863,256,XIAOMI,8GB
XIAOMI REDMI 12C 3GB RAM 64GB ROM Graphite Gray,5850,64,XIAOMI,3GB
"Hmd Pulse Pro Dual SIM, 256GB, 8GB, 4G - Twilight Purple",7625,256,Hmd,8GB
XIAOMI Redmi A3 Dual SIM 4G 64GB/3GB - Forest Green,4100,64,XIAOMI,3GB
Samsung A36 5G 8GB-256GB LIME,18525,256,Samsung,8GB
"OPPO A5 Dual SIM, 128GB, 6GB RAM, 4G LTE - Aurora Green",8620,128,OPPO,6GB
"Samsung Galaxy A06 Dual SIM, 128GB, 4GB RAM, 4G LTE - Light Blue",5395,128,Samsung,4GB
"OPPO A5 Dual SIM, 256GB, 8GB RAM, 4G LTE - Mist White",10140,256,OPPO,8GB
"XIAOMI Redmi Note 14 Pro, 6.67 Inch - 256GB/8GB - Aurora Purple",14885,256,XIAOMI,8GB
realme C63 Dual SIM 128GB 6GB RAM 4G - Green,8500,128,realme,6GB
XIAOMI Redmi Note 12 - 128GB/6GB - 6.67 Inch- Onyx Gray,8346,128,XIAOMI,6GB
Vivo Y04 Dual SIM 4G 64GB/4GB - Green,4845,64,Vivo,4GB
Samsung Galaxy A36 Dual SIM 5G 256GB/8GB - Awesome Lime,17611,256,Samsung,8GB
"OPPO A5 Dual SIM, 256GB, 8GB RAM, 4G LTE - Aurora Green",10140,256,OPPO,8GB
"Samsung Galaxy A26 Dual SIM, 128GB, 6GB RAM, 5G - Black",12180,128,Samsung,6GB
Vivo Y04 Dual SIM 4G 128GB/4GB - Green,5412,128,Vivo,4GB
"Nothing Phone (3a) Dual SIM, 256GB, 12GB RAM, 5G - Black",31130,256,Nothing,12GB
Itel A70 Dual SIM 4G 128GB/4GB - Azure Blue,4263,128,Itel,4GB
"Nothing CMF Phone 1 Dual SIM, 128GB, 8GB RAM, 5G - Light Green",14720,128,Nothing,8GB
Samsung Galaxy A26 Dual SIM 5G 128GB/6GB - White,12209,128,Samsung,6GB
Infinix Smart 9 - 6.7 Inch 64GB/3GB+3GB Dual SIM 4G Mobile Phone - Neo Titanium,3666,64,Infinix,3GB
"OPPO A5 ,128 GB/6 GB Ram ,lcd 6.67,batt, camera 50mp ,  6000mah,  Mist white",8549,128,OPPO,6
Infinix Hot 50i - 6.7 Inch 128GB/6GB Dual SIM 4G Mobile Phone - Titanium Grey,5050,128,Infinix,6GB
Vivo Y04 Dual SIM 4G 64GB/4GB  Mobile Phone - Dark Green,4960,64,Vivo,4GB
Vivo Y04 Dual SIM 4G 128GB/4GB - Gold,5412,128,Vivo,4GB
XIAOMI Redmi Note 14 - Dual SIM 4G 256GB/8GB Mobile Phone - Midnight Black,10150,256,XIAOMI,8GB
Honor X8c Dual SIM 4G 256GB/8GB Mobile Phone - Midnight Black,12070,256,Honor,8GB
Vivo Y04 Dual SIM 4G 64GB/4GB - Gold,4845,64,Vivo,4GB
"Vivo Y04 Dual SIM, 64GB, 4GB RAM, 4G LTE - Titanium Gold",4960,64,Vivo,4GB
"Honor X6c Dual SIM, 256GB, 6GB RAM, 4G LTE - Ocean Cyan",6490,256,Honor,6GB
"Samsung Galaxy A36 Dual SIM, 128GB, 8GB RAM, 5G - Awesome Lavender",16010,128,Samsung,8GB
"Infinix Smart 8 (RAM:2+2GB, ROM:64GB), 90Hz 6.6"" HD+ Display Flashlight, (Galaxy White)",3600,64,Infinix,2GB
"Vivo Y19s Pro Dual SIM , 6GB RAM , 256GB , 4G -Black",7799,256,Vivo,6GB
"Vivo Y19s Pro Dual SIM , 6GB RAM, 256GB , 4G -Black",7799,256,Vivo,6GB
"Vivo   Y19s,4G LTE,128GB, 4GB RAM, Dual SIM - Silver",7099,128,Vivo,4GB
"Samsung Galaxy A06 Dual SIM, 128GB, 4GB RAM, 4G LTE - Black",5385,128,Samsung,4GB
Infinix Hot 50 Dual SIM 4G 256GB/8GB - Sage Green,7275,256,Infinix,8GB
Infinix Hot 50i Dual SIM 4G 128GB/6GB Mobile Phone - Sage Green,5190,128,Infinix,6GB
Samsung Galaxy A06 Dual SIM 4G 128GB/4GB - Black,5395,128,Samsung,4GB
Samsung Galaxy A05s - 6.7 Inches -128GB-6GB Ram–4G Double Sim Mobile –Silver,6144,128,Samsung,6GB
"Nothing Phone (3a) Dual SIM, 128GB, 8GB RAM, 5G - Black",24020,128,Nothing,8GB
XIAOMI Redmi A3 Dual SIM 4G 64GB/3GB - Midnight Black,4100,64,XIAOMI,3GB
Honor X8c Dual SIM 4G 256GB/8GB - Midnight Black,12070,256,Honor,8GB
"Honor X6c Dual SIM, 256GB, 6GB RAM, 4G LTE - Moonlight White",6490,256,Honor,6GB
Infinix Hot 50i Dual SIM 4G 256GB/8GB - Sleek Black,6154,256,Infinix,8GB
Vivo Y27s - 6.64-inch 8GB/128GB Dual Sim 4G Mobile Phone - Garden Green,8120,64,Vivo,8GB
"Vivo Y04 Dual SIM, 128GB, 4GB RAM, 4G LTE - Dark Green",5410,128,Vivo,4GB
"Samsung Galaxy A26, 256GB, 8GB RAM, 4G LTE, Dual SIM - White",13995,256,Samsung,8GB
"Samsung Galaxy A36 5G Awesome Black, 8GB, 128GB",15385,128,Samsung,8GB
"OPPO A5 Dual SIM, 128GB, 6GB RAM, 4G LTE - Mist White",8620,128,OPPO,6GB
Honor X8c Dual SIM 4G 256GB/8GB Mobile Phone - Marrs Green,12070,256,Honor,8GB
Samsung Galaxy A06 Dual SIM 4G 128GB/6GB - Light Blue,6021,128,Samsung,6GB
Infinix Hot 50i - 6.7 Inch 128GB/6GB Dual SIM 4G Mobile Phone - Sage Green,5050,128,Infinix,6GB
Infinix Hot 50 Dual SIM 4G 256GB/8GB Mobile Phone - black,6777,256,Infinix,8GB
"Infinix Mobile Smart 9 Dual SIM, 64GB, 3+3GB RAM, 4G - SANDSTONE GOLD",3666,64,Infinix,3GB
Infinix Smart 9 - 6.7 Inch 128GB/4GB+4GB Dual SIM 4G Mobile Phone - Neo Titanium,4299,128,Infinix,4GB
Infinix Smart 9 - 6.7 Inch 128GB/4GB+4GB Dual SIM 4G Mobile Phone - Metallic Black,4299,128,Infinix,4GB
"Nothing Phone (3a) Dual SIM, 128GB, 8GB RAM, 5G - White",24020,128,Nothing,8GB
"Infinix Smart 8 (RAM:2+2GB, ROM:64GB), 90Hz 6.6"" HD+ Display Flashlight, (Timber Black)",3600,64,Infinix,2GB
Infinix Hot 50i - 6.7 Inch 128GB/6GB Dual SIM 4G Mobile Phone - Sleek Black,5050,128,Infinix,6GB
XIAOMI Redmi Note 14 Dual SIM 4G 256GB/8GB - Midnight Black,10211,256,XIAOMI,8GB
"Vivo   Y19s,4G LTE,128GB, 4GB RAM, Dual SIM - Black",7099,128,Vivo,4GB
Samsung Galaxy A26 Dual SIM 5G 128GB/6GB - Peach Pink,12209,128,Samsung,6GB
Vivo Y03 -64GB 4GB RAM -lcd 6.56 inches- CAMERA 13MP Portrait-made in Egypt - space black,5050,64,Vivo,4GB
"Vivo Y04 Dual SIM, 64GB, 4GB RAM, 4G LTE - Titanium Gold",4840,64,Vivo,4GB
realme C67 - 6.7 Inch-8GB/256GB RAM Dual SIM 4G Mobile Phone - Black Rock,10444,256,realme,8GB
Infinix HOT 50i 4G Dual SIM Mobile Phone 256GB/8GB - Sage Green,5520,256,Infinix,8GB
"Nothing Phone (3a) Dual SIM, 256GB, 12GB RAM, 5G - White",31130,256,Nothing,12GB
Infinix Hot 50i Dual SIM 4G 128GB/6GB - Sage Green,5440,128,Infinix,6GB
Samsung Galaxy A06 Dual SIM 4G 128GB/6GB - Black,6021,128,Samsung,6GB
Honor X5 Plus - 64GB/4GB - Midnight Black,5535,64,Honor,4GB
Samsung Galaxy A56 - 8GB RAM - 256GB - Green,23500,256,Samsung,8GB
Infinix Smart 9 - 6.7 Inch 64GB/3GB+3GB Dual SIM 4G Mobile Phone - Metallic Black,3666,64,Infinix,3GB
Infinix Hot 50 - 6.7 Inch 256GB/8GB Dual SIM 4G Mobile Phone - Sleek Black,6799,256,Infinix,8GB
XIAOMI Redmi 14c Dual SIM 4G 128GB/6GB - Midnight Black,6079,128,XIAOMI,6GB
XIAOMI Redmi 14c Dual SIM 4G 128GB/6GB - Starry Blue,6079,128,XIAOMI,6GB
XIAOMI Redmi 14c Dual SIM 4G 128GB/4GB - Midnight Black,5516,128,XIAOMI,4GB
"Vivo Y04 Dual SIM, 128GB, 4GB RAM, 4G LTE - Titanium Gold",5410,128,Vivo,4GB
"Vivo Y04 Dual SIM, 64GB, 4GB RAM, 4G LTE - Dark Green",4840,64,Vivo,4GB
"Samsung Galaxy A06 Dual SIM, 64GB, 4GB RAM, 4G LTE - Gold",4630,64,Samsung,4GB
"Samsung Galaxy A06 Dual SIM, 128GB, 4GB RAM, 4G LTE - Gold",5395,128,Samsung,4GB
Samsung Galaxy A26 Dual SIM 5G 128GB/6GB - Black,12209,128,Samsung,6GB
XIAOMI Redmi A5  6.88 inch 4GB -128GB Dual Sim  Mobile Phone 4G - Sandy Gold,5055,128,XIAOMI,4GB
XIAOMI Redmi A5  6.88 inch 4GB-64GB Dual Sim  Mobile Phone 4G - Lake Green,4590,64,XIAOMI,4GB
Infinix Hot 50i 6.7-inch Dual SIM 6GB RAM 128GB 4G Titanium Grey,5222,128,Infinix,6GB
XIAOMI Redmi 14C - 6.88 inch 128GB-6GB Dual SIM 4G Mobile Phone- Midnight Black,6190,128,XIAOMI,6GB
"Vivo Y19s Pro Dual SIM , 6GB RAM , 128GB , 4G - Black",7099,128,Vivo,6GB
"Vivo Y19s Pro Dual SIM , 6GB RAM , 128GB , 4G - Silver",7099,128,Vivo,6GB
Infinix Smart 8 - 6.6 Inch 64GB/2GBDual SIM 4G Mobile Phone - SHINY Gold,3555,64,Infinix,2GB
Infinix Smart 8 - 6.6 Inch 64GB/2GB+2GB Dual SIM 4G Mobile Phone - Galaxy White,3555,64,Infinix,2GB
Infinix Smart 9 - 6.7 Inch - Dual SIM Mobile Phone 4G 128GB/4GB - Sandstone Gold,4299,128,Infinix,4GB
Infinix Hot 50i Dual SIM 4G 128GB/6GB - Titanium Grey,5440,128,Infinix,6GB
"Samsung Galaxy A06 Dual SIM, 128GB, 6GB RAM, 4G LTE - Gold",5705,128,Samsung,6GB
"Samsung Galaxy A06 Dual SIM, 128GB, 6GB RAM, 4G LTE - Light Blue",5975,128,Samsung,6GB
Apple iPhone 15   Single SIM 5G 128GB/6GB - Green - Not including customs tax,36444,128,Apple,6GB
Honor 400 Dual SIM 5G Smartphone - 256GB/12GB - Desert Gold + Free Earbuds X7 Lite White,21210,256,Honor,12GB
Honor 400 Dual SIM 5G Smartphone - 512GB/12GB - Meteor Silver + Free Earbuds X7 Lite White,23140,512,Honor,12GB
Honor 400 Dual SIM 5G Smartphone - 256GB/12GB - Midnight Black + Free Earbuds X7 Lite White,21210,256,Honor,12GB
Samsung A06 - 6.7 Inch 128GB/4GB Dual SIM 4G Mobile Phone - Gold,5125,128,Samsung,4GB
"OPPO A5 Dual SIM , 128GB, 6GB RAM , 4G LTE - Mist White",8599,128,OPPO,6GB
"Samsung Galaxy A16 Dual SIM, 128GB, 6GB RAM, 4G LTE - Black",7825,128,Samsung,6GB
"XIAOMI Redmi 14C - 6.8"" 128GB/6GB Dual SIM 4G Mobile Phone - Midnight Black",5950,128,XIAOMI,6GB
Samsung A06 - 6.7 Inch 128GB/4GB Dual SIM 4G Mobile Phone - Black,5125,128,Samsung,4GB
Samsung A06 - 6.7 Inch 64GB/4GB Dual SIM 4G Mobile Phone - Light Blue,4740,64,Samsung,4GB
"XIAOMI Redmi A5 Dual Sim 4G, 4GB RAM, 64GB, Mobile phone - Midnight Black",4399,64,XIAOMI,4GB
Infinix Smart 8 4GB RAM-64GB ROM-Galaxy white,3550,64,Infinix,4GB
Nokia  125 4G (2024) hmd black,1799,,Nokia,
"OPPO A5 Dual SIM, 128GB , 6GB RAM , 4G LTE - Aurora Green",8599,128,OPPO,6GB
"OPPO A3 Dual SIM, 256GB, 8GB RAM, 4G LTE - Starry Purple",9515,256,OPPO,8GB
"Honor X9C Smart Dual SIM, 256GB, 12GB RAM, 5G - Ocean Cyan",13975,256,Honor,12GB
Honor X8c – 6.7 inches Dual SIM 4G 512GB/8GB Mobile Phone - Marrs Green + Free Earbuds X7 Lite - White,13699,512,Honor,8GB
Honor X8c – 6.7 inches Dual SIM 4G 512GB/8GB Mobile Phone - Moonlight White + Free Earbuds X7 Lite – White,13699,512,Honor,8GB
Honor X8c - Dual SIM 4G Smartphone - 256GB Storage / 8GB RAM - Moonlight White + FREE X7 Lite Earbuds,12299,256,Honor,8GB
Samsung Galaxy A05s Mobile Phone - 6.7 Inches - Dual SIM - 4G - 128GB - 6GB - Black + 25W Samsung Free Charger - Black,5950,128,Samsung,6GB
Tecno Spark 30 Pro Mobile Phone – Dual SIM – 4G – 256GB – 8GB RAM – Obsidian Edge,10100,256,Tecno,8GB
Tecno Spark 30C Mobile Phone – Dual SIM – 4G – 256GB – 8GB RAM – Orbit Black,6500,256,Tecno,8GB
Tecno Spark 30 Mobile Phone – Dual SIM – 4G – 256GB – 8GB RAM – Astral Ice,7500,256,Tecno,8GB
Tecno Spark Go 1 Mobile Phone – Dual SIM – 4G – 64GB – 3GB RAM – Startrail Black,4045,64,Tecno,3GB
Tecno Spark Go 1 Mobile Phone – Dual SIM – 4G – 64GB – 3GB RAM – Glittery White,4045,64,Tecno,3GB
Tecno Spark Go 1 Mobile Phone – Dual SIM – 4G – 128GB – 4GB RAM – Startrail Black,4480,128,Tecno,4GB
Tecno Spark 30 Mobile Phone – Dual SIM – 4G – 256GB – 8GB RAM – Stellar Shadow,7500,256,Tecno,8GB
Tecno Spark Go 1 Mobile Phone – Dual SIM – 4G – 64GB – 3GB RAM – Magic Skin Green,4045,64,Tecno,3GB
Tecno Spark 30C Mobile Phone – Dual SIM – 4G – 256GB – 8GB RAM – Orbit White,6500,256,Tecno,8GB
Tecno Spark Go 1 Mobile Phone – Dual SIM – 4G – 128GB – 4GB RAM – Glittery White,4480,128,Tecno,4GB
Samsung Galaxy A05s Mobile Phone - 6.7 Inches - Dual SIM - 4G - 128GB - 6GB - Silver + 25W Free Samsung Charger - Black,5950,128,Samsung,6GB
Tecno Spark 30 Pro Mobile Phone – Dual SIM – 4G – 256GB – 8GB RAM – Arctic Glow,10100,256,Tecno,8GB
"Samsung Galaxy A16 - 6.7"" 128GB/6GB Dual SIM 4G Mobile Phone - Black",8099,128,Samsung,6GB
"Samsung Galaxy A16 - 6.7"" 256GB/8GB Dual SIM 4G Mobile Phone - Black",9249,256,Samsung,8GB
Honor X5b Plus Dual SIM 4G 128GB/4GB - Midnight Black,4421,128,Honor,4GB
Honor Magic 7 Pro Dual SIM 5G 512GB/12GB - Shadow Gray,55690,512,Honor,12GB
XIAOMI Redmi Note 14 Pro Dual SIM 4G 256GB/8GB - Midnight Black,14805,256,XIAOMI,8GB
Samsung Galaxy A05s Mobile Phone - 6.7 Inches - Dual SIM - 4G - 128GB - 6GB - Silver + 25W Free Samsung Charger - Black,5950,128,Samsung,6GB
Samsung Galaxy A05s Mobile Phone - 6.7 Inches - Dual SIM - 4G - 128GB - 6GB - Black + Free Samsung Charger 25W - Black,5950,128,Samsung,6GB
Infinix Smart 9 4G Dual SIM Mobile Phone 128GB/4GB - Titanium,4295,128,Infinix,4GB
"XIAOMI Redmi A5 Dual SIM, 64GB , 4GB RAM, 4G LTE - Ocean Blue",4543,64,XIAOMI,4GB
Samsung A06 - 6.7 Inch 64GB/4GB Dual SIM 4G Mobile Phone - Gold,4599,64,Samsung,4GB
"XIAOMI Redmi 14C - 6.8"" 256GB/8GB Dual SIM 4G Mobile Phone - Midnight Black",6555,256,XIAOMI,8GB
XIAOMI Redmi Note 14 Mobile Phone -6.7 Inches - 256GB/8GB - Dual SIM 4G -Midnight Black,9888,256,XIAOMI,8GB
"XIAOMI Redmi A5 Dual Sim 4G, 4GB RAM, 128GB,Mobile phone - Midnight Black",4715,128,XIAOMI,4GB
"XIAOMI Poco C75 - 6.8"" 256GB/8GB Dual SIM 4G Mobile Phone - Black",6222,256,XIAOMI,8GB
XIAOMI Redmi 13 – 6.7 Inch 256GB/8GB Dual SIM 4G Mobile Phone - Midnight Black,7399,256,XIAOMI,8GB
"XIAOMI Redmi 14C Dual SIM, 128GB, 6GB RAM, 4G LTE - Midnight Black",6035,128,XIAOMI,6GB
"Samsung Galaxy A16 Dual SIM, 128GB, 4GB RAM, 4G LTE - Black",7200,128,Samsung,4GB
"XIAOMI Redmi 13 Dual SIM, 256GB, 8GB RAM, 4G LTE - Midnight Black",7235,256,XIAOMI,8GB
"XIAOMI Redmi 14C Dual SIM, 128GB, 6GB RAM, 4G LTE - Dreamy Purple",6035,128,XIAOMI,6GB
"realme Note 50 - 6.7"" 128GB/4GB Dual SIM 4G Mobile Phone - Sky Blue",5599,128,realme,4GB
"realme Note 50 - 6.7"" 64GB/3GB Dual SIM 4G Mobile Phone - Midnight Black",4799,64,realme,3GB
Samsung A06 - 6.7 Inch 128GB/4GB Dual SIM 4G Mobile Phone - Light Blue,5099,128,Samsung,4GB
Samsung A06 - 6.7 Inch 128GB/6GB Dual SIM 4G Mobile Phone - Gold,5666,128,Samsung,6GB
Huawei Y5 Lite - 5.45-inch 16GB/1GB 4G Mobile Phone - Blue - Blue,1998,,Huawei,16GB
Samsung A16 4G Dual SIM 128GB/ 6GB- Light Green,7699,128,Samsung,6GB
Samsung Galaxy A16 - 6.7 Inch - 256GB/8GB Dual SIM 4G Mobile Phone - Black,9249,256,Samsung,8GB
Huawei Y5 Lite - 5.45-inch 16GB/1GB 4G Mobile Phone - Black - Black,1998,,Huawei,16GB
Samsung Galaxy A16 Dual SIM 4G 256GB/8GB - Gray,9356,256,Samsung,8GB
"XIAOMI Redmi 14C Dual SIM, 256GB, 8GB RAM, 4G LTE - Midnight Black",6840,256,XIAOMI,8GB
Samsung A06 - 6.7 Inch 128GB/4GB Dual SIM 4G Mobile Phone - Black,5099,128,Samsung,4GB
Samsung Galaxy A16 Dual SIM 4G 128GB/4GB Mobile Phone - Light Green,7031,128,Samsung,4GB
Samsung Galaxy A16 Dual SIM 4G 128GB/4GB Mobile Phone - Grey,6699,128,Samsung,4GB
XIAOMI Redmi 14C Dual SIM 4G 256GB/8GB Mobile Phone 6.74 Inches - Dreamy Purple,6950,256,XIAOMI,8GB
XIAOMI Redmi A5  6.88 Inch 4GB -128GB Dual Sim  Mobile Phone 4G - Ocean Blue,4999,128,XIAOMI,4GB
Honor 400 Dual SIM 5G Smartphone - 256GB/12GB - Desert Gold + Choice Earbuds X7 Lite White,20999,256,Honor,12GB
"Tecno Spark 20 Pro Plus, 256GB, 8GB RAM, 4G, Dual SIM - Magic Skin Green",8700,256,Tecno,8GB
Honor 400 Dual SIM 5G Smartphone - 256GB/12GB - Meteor Silver + Free Earbuds X7 Lite White + Free Grey Cover,20999,256,Honor,12GB
Samsung Galaxy A36 Dual SIM 5G 256GB/8GB Mobile Phone - Awesome Lavender,16749,256,Samsung,8GB
"Infinix Smart 8 Dual SIM, 64GB, 2GB RAM, 4G LTE - Crystal Green",3610,64,Infinix,2GB
"realme MOBILE C61, 128GB, 6GB RAM, 4G LTE, Dual SIM - Sparkle Gold",6101,128,realme,6GB
"XIAOMI Redmi Note 13 - 6.6"" 128GB/8GB Dual SIM 4G Mobile Phone - Midnight Black",7899,128,XIAOMI,8GB
"OPPO A3 8G Ram 256 Capacity , Dual SIM.",9550,256,OPPO,8
XIAOMI Redmi A3 - 6.71-inch 3GB/64GB Dual Sim 4G Mobile Phone - Forest Green,4060,64,XIAOMI,3GB
Infinix Hot 50i Dual SIM Titanium Grey 8GB RAM 256GB 4G,5520,256,Infinix,8GB
"Motorola MOBILE Moto G85 Dual Sim – 256GB,  12+12GB RAM , 5G , GREY",13682,256,Motorola,12GB
OPPO Reno 13 5G - 12GB RAM - 256GB - Luminous Blue,26990,256,OPPO,12GB
Vivo Y29 - 6.6 Inch 128GB/8GB Dual SIM 4G Mobile Phone - Brown,8099,128,Vivo,8GB
Vivo V50 Lite 5G - 256GB/12GB - Black,15320,256,Vivo,12GB
Infinix Hot 50i Dual SIM Sage Green 6GB RAM 128GB 4G - Middle East Version,5015,128,Infinix,6GB
XIAOMI Redmi 14C Dual SIM 4G 128GB/4GB Mobile Phone 6.74 Inches - Sage Green,5480,128,XIAOMI,4GB
Honor X8c - Dual SIM 4G Smartphone - 256GB Storage / 8GB RAM - Midnight Black,11399,256,Honor,8GB
"Apple iPhone 13 Single SIM 5G 128GB/4GB - Pink ""Refurbished - Gold Grade.",25599,128,Apple,4GB
"XIAOMI POCO X7 Pro Dual SIM , 512GB, 12GB RAM, 5G - BLACK",17799,512,XIAOMI,12GB
realme Note 50 - 6.74 Inch 128GB-4GB Dual SIM 4G Mobile Phone - Midnight Black,5639,128,realme,4GB
realme C65 - 6.67-inch 128GB/8GB Dual SIM Mobile Phone -Starlight Black,7180,128,realme,8GB
Samsung Galaxy A56 Dual SIM 5G 256GB/8GB - Awesome Olive,22632,256,Samsung,8GB
Samsung Galaxy A10s - 6.2-inch 32GB/2GB Dual SIM 4G Mobile Phone - Blue,2300,32,Samsung,32GB
Tecno Spark 2 (KA7) - 6.0-inch 16GB Dual SIM 3G Mobile Phone - Gold,1767,,Tecno,16GB
"Alcatel 3c - 6.0"" - 4G Dual SIM Mobile Phone - Metallic Blue",1563,,cat,
Honor 10 Lite - 6.21-inch 64GB Mobile Phone - Sky Blue + Band 4 Running - 0.49-inch Smart Band – Green,2679,64,Honor,
Samsung Galaxy A6 (2018) - 5.6-inch Dual SIM 64GB Mobile Phone - Gold,4028,64,Samsung,
"Samsung Galaxy A16 Dual SIM, 128GB, 4GB RAM, 4G LTE - Light Green",7200,128,Samsung,4GB
"Alcatel Pop 4S - 5.5"" - 16GB - 4G Mobile Phone - Dark Grey",1672,,cat,16GB
Tecno Camon CM - 5.7-inch - 32GB 4G Dual SIM Mobile Phone - Midnight Black,2090,32,Tecno,32GB
Tecno Camon CX - 5.5-inch 16GB/2GB Dual SIM 4G Mobile Phone - Champagne Gold,3078,,Tecno,16GB
Honor 7C - 5.99-inch 32GB/3GB Dual SIM Mobile Phone - Black,3230,32,Honor,32GB
Tecno Phantom 8 - 5.7-inch - 64GB Dual SIM 4G Mobile Phone - Galaxy Blue,4180,64,Tecno,
Honor 10 Lite - 6.21-inch 64GB/3GB Mobile Phone - Sky Blue,3762,64,Honor,3GB
Samsung Galaxy A6+ (2018) - 6.0-inch Dual SIM 64GB/4GB Mobile Phone - Blue,7999,64,Samsung,4GB
Samsung Galaxy A6+ (2018) - 6.0-inch Dual SIM 64GB Mobile Phone - Black,4750,64,Samsung,
Honor 10 Lite - 6.21-inch 64GB/3GB Mobile Phone - Shiny Red,3762,64,Honor,3GB
XIAOMI Redmi 14C - 6.88 inch 256GB-8GB Dual SIM 4G Mobile Phone- Dreamy purple,6949,256,XIAOMI,8GB
Samsung A06 - 6.7 Inch 128GB/4GB Dual SIM 4G Mobile Phone - Gold,5099,128,Samsung,4GB
Samsung A06 - 6.7 Inch 128GB/4GB Dual SIM 4G Mobile Phone - Light Blue,5125,128,Samsung,4GB
